;kappa1;kappa2;gauss_curvature;mean_curvature;shape_index;curvedness;triangleAreas
0;-0.362500489069;-0.384291696363;0.139305927877;-0.373396092716;-0.981428865533;0.373555024373;0.120624035399
1;-0.323378492618;-0.366492300212;0.118515727599;-0.344935396415;-0.960265816558;0.345608344519;0.120400166615
2;-0.337122231897;-0.372070896651;0.125433371103;-0.354596564274;-0.968653070686;0.355026866148;0.111834913977
3;-0.379577926725;-0.44619052044;0.169364072673;-0.412884223582;-0.948756496968;0.414225411453;0.119370674258
4;-0.380071155156;-0.43645006138;0.165882078997;-0.408260608268;-0.956112530729;0.409232659413;0.119493309818
5;-0.38747770889;-0.436979818991;0.169319939094;-0.412228763941;-0.961821885462;0.412971147353;0.119299251407
6;-0.38812539165;-0.431702106568;0.167554549188;-0.409913749109;-0.966193234157;0.410492404594;0.128513606817
7;-0.387192920524;-0.441750592541;0.171042702069;-0.414471756533;-0.958160632788;0.415368477207;0.122150792064
8;-0.359209803917;-0.396221135668;0.142326516451;-0.377715469792;-0.968834583322;0.378168528291;0.11759537778
9;-0.338636381078;-0.392986543954;0.133079541057;-0.365811462516;-0.952794057214;0.366819453082;0.120634330949
10;-0.350774879454;-0.370316653117;0.129897779357;-0.360545766285;-0.982751655372;0.360678138811;0.12193416867
11;-0.342309094611;-0.432897878015;0.148184880682;-0.387603486313;-0.925942061647;0.390241008252;0.13730332732
12;-0.338784042458;-0.429727567212;0.145584842375;-0.384255804835;-0.925012922624;0.38693695187;0.147309151615
13;-0.334644631611;-0.424463517276;0.142044437371;-0.379554074444;-0.925022731335;0.382201718314;0.12522513904
14;-0.325103752703;-0.405003561051;0.131668177556;-0.365053656877;-0.930607207462;0.367233123837;0.127096234985
15;-0.336520149618;-0.418233232641;0.140743910023;-0.377376691129;-0.931344017339;0.379581906829;0.127962345915
16;-0.388502960335;-0.415983567951;0.1616108476;-0.402243264143;-0.97826203703;0.402477874544;0.121431444734
17;-0.393798304495;-0.426207544868;0.167839808532;-0.410002924681;-0.974851849952;0.410323028799;0.121888401001
18;-0.382294153434;-0.399853762309;0.15286175556;-0.391073957872;-0.985709970687;0.39117250094;0.124486752407
19;-0.37400232462;-0.389777879422;0.145777832989;-0.381890102021;-0.986852759129;0.381971552677;0.120870705618
20;-0.284318533275;-0.34242805049;0.0973586410676;-0.313373291883;-0.94114334353;0.314717332003;0.126167707631
21;-0.320321659653;-0.366878982112;0.117519284442;-0.343600320882;-0.956935301051;0.344387973918;0.13142750344
22;-0.300461189786;-0.359373796588;0.107977878501;-0.329917493187;-0.943310453526;0.331229869005;0.123555091767
23;-0.275505840343;-0.334625127079;0.0921911768357;-0.305065483711;-0.938506025443;0.306494244428;0.127648708734
24;-0.307919295777;-0.37308552015;0.114880230629;-0.340502407964;-0.939265963792;0.342057815331;0.128149549026
25;-0.323636191283;-0.398373017463;0.128927926082;-0.361004604373;-0.93433588931;0.362933496216;0.130863125477
26;-0.393078417704;-0.406192778967;0.159665614839;-0.399635598335;-0.989555344153;0.399689389495;0.129822895748
27;-0.373812981009;-0.405476264931;0.151572291322;-0.38964462297;-0.974147736307;0.389966117883;0.124535791879
28;-0.34700927631;-0.448427910894;0.155608644837;-0.397718593602;-0.919266263139;0.400938292705;0.124429569245
29;-0.34710181536;-0.439288163788;0.152477719117;-0.393194989574;-0.925709869559;0.395887459432;0.123877980257
30;-0.353337306958;-0.448282875836;0.158395064104;-0.400810091397;-0.92494708169;0.403611687923;0.119845463809
31;-0.368114993466;-0.44292763162;0.16304830222;-0.405521312543;-0.941442278136;0.407242885307;0.117736208568
32;-0.348235797633;-0.439091883848;0.152907512406;-0.39366384074;-0.926858835617;0.396276326075;0.115752550584
33;-0.394257104963;-0.40799289197;0.160854096434;-0.401124998467;-0.989101128943;0.40118378875;0.116933643115
34;-0.270328706144;-0.331567541421;0.0896322244716;-0.300948123782;-0.935450403651;0.302501771804;0.134340917505
35;-0.289635036366;-0.339821097689;0.0984240959873;-0.314728067028;-0.949349929207;0.315726806532;0.118473146363
36;-0.266148136527;-0.326075529569;0.0867843945617;-0.296111833048;-0.935798678863;0.297623992279;0.128843169325
37;-0.38446634883;-0.417139587712;0.16037613424;-0.400802968271;-0.974065907633;0.401135768175;0.124357393964
38;-0.380086941286;-0.399359167047;0.151791204277;-0.389723054167;-0.984262439033;0.389842165011;0.126813008279
39;-0.382500957701;-0.415926058542;0.159092115725;-0.399213508122;-0.973364300435;0.399563179495;0.124574493552
40;-0.399952738975;-0.414466652879;0.165767073033;-0.407209695927;-0.988655885813;0.407274354559;0.128344232486
41;-0.388356165639;-0.414603160652;0.161013693733;-0.401479663145;-0.979197690377;0.401694095185;0.12873936535
42;-0.399677422098;-0.431391024378;0.17241725254;-0.415534223238;-0.975718347874;0.415836661232;0.127298342538
43;-0.397475806648;-0.431264481672;0.171417197731;-0.41437014416;-0.974058662408;0.414714401741;0.119180340944
44;-0.359210262556;-0.378367703023;0.135913561946;-0.368788982789;-0.9834685084;0.368913357996;0.122763536979
45;-0.376287530015;-0.439686226425;0.165448444123;-0.40798687822;-0.950635741439;0.409216497072;0.123055901475
46;-0.375863059049;-0.425560301173;0.159952396609;-0.400711680111;-0.960572915602;0.401481387546;0.126818379756
47;-0.380059269819;-0.416264722937;0.158205266651;-0.398161996378;-0.971075535403;0.398573310783;0.13998061452
48;-0.375648703919;-0.42770854462;0.160668160442;-0.401678624269;-0.958802826751;0.402521147206;0.122603653209
49;-0.313851830877;-0.362007163563;0.113616611075;-0.33792949722;-0.954717008966;0.338786184942;0.113850796807
50;-0.353413974247;-0.40927403404;0.144643162926;-0.381344004144;-0.953456413485;0.382365448317;0.125776589161
51;-0.402106688556;-0.426305671872;0.171420362029;-0.414206180214;-0.981408809933;0.414382863335;0.1228125368
52;-0.390323830102;-0.414138186072;0.161648002979;-0.402231008087;-0.98115975233;0.402407212602;0.128127686033
53;-0.398624963036;-0.420419330463;0.167589640065;-0.409522146749;-0.983063856265;0.409667105454;0.140604873325
54;-0.367192657182;-0.419153538716;0.153910101648;-0.393173097949;-0.957993941571;0.394030542285;0.130533493185
55;-0.356675069443;-0.415454752928;0.148182352851;-0.386064911185;-0.951629543377;0.387181970714;0.131448701001
56;-0.396068828576;-0.433669386367;0.171762925848;-0.414869107472;-0.971170553825;0.415294867318;0.125580213545
57;-0.392457173262;-0.426219115814;0.167272749383;-0.409338144538;-0.973760876997;0.409686079535;0.119369042257
58;-0.370214254174;-0.40047976602;0.148263317889;-0.385347010097;-0.975012485804;0.385644030801;0.136811421018
59;-0.394739978443;-0.412302969729;0.162752465383;-0.403521474086;-0.986147970223;0.403617014897;0.123585915673
60;-0.40127641131;-0.422585565642;0.169573619252;-0.411930988476;-0.98353752763;0.412068755527;0.121293895747
61;-0.394102097838;-0.424412034237;0.167261673041;-0.409257066038;-0.97643645791;0.409537567462;0.120428333104
62;-0.378677841382;-0.40889759774;0.154840459659;-0.393787719561;-0.975584483529;0.394077500621;0.125186068366
63;-0.33939742668;-0.375683717729;0.127506087043;-0.357540572204;-0.967722861607;0.358000606846;0.136035821114
64;-0.378399052167;-0.408020130993;0.154394430833;-0.39320959158;-0.976032560322;0.393488417857;0.123888615618
65;-0.385753913034;-0.387871448034;0.149622928833;-0.386812680534;-0.998257475321;0.386814129538;0.114052891651
66;-0.376463946715;-0.444360184242;0.167285588723;-0.410412065478;-0.947460233182;0.411813717909;0.129157759117
67;-0.389872002324;-0.442033420231;0.172336454639;-0.415952711277;-0.960135401885;0.416769554308;0.122042386714
68;-0.373876090328;-0.411839707416;0.15397701965;-0.392857898872;-0.969264194309;0.393316205821;0.120857399132
69;-0.367328366949;-0.416027795125;0.152818810589;-0.391678081037;-0.960473699722;0.392434233651;0.140734510021
70;-0.338002830239;-0.385227524309;0.130207993502;-0.361615177274;-0.958489636492;0.362385263728;0.136911525226
71;-0.362019026815;-0.448676616405;0.162429472026;-0.40534782161;-0.932207300751;0.407657013852;0.126112064931
72;-0.290491773802;-0.345091917974;0.100246363377;-0.317791845888;-0.945444789115;0.318962303805;0.114974917834
73;-0.372234104755;-0.380625743991;0.141681883061;-0.376429924373;-0.992904307167;0.376453307683;0.125338853612
74;-0.382531828023;-0.410677271248;0.157097127298;-0.396604549636;-0.977420289902;0.396854142331;0.133326424483
75;-0.360729038262;-0.368423288319;0.132900978469;-0.36457616329;-0.99328243257;0.364596460776;0.119456848905
76;-0.36838464478;-0.409097754563;0.150705330995;-0.388741199671;-0.966693627071;0.389273823483;0.125001253688
77;-0.390303272961;-0.426356900127;0.166408493569;-0.408330086544;-0.971912971232;0.408727813569;0.124943967246
78;-0.319707862623;-0.369522093257;0.118139118627;-0.34461497794;-0.954068047931;0.345513888887;0.123379207974
79;-0.34889296628;-0.419139111946;0.146234688051;-0.384016039113;-0.941934707717;0.385618916213;0.124910095042
80;-0.391132560174;-0.414413177094;0.162090486927;-0.402772868634;-0.98160653565;0.402941038477;0.134367229453
81;-0.394275432349;-0.420262144224;0.165699038614;-0.407268788286;-0.979696400072;0.407476003233;0.112788721867
82;-0.379723951866;-0.420694465707;0.159747765046;-0.400209208786;-0.967442158826;0.400733148802;0.144552586068
83;-0.362952828085;-0.402020472867;0.145914467575;-0.382486650476;-0.967515669148;0.382985127661;0.128941259644
84;-0.337083432255;-0.378040060437;0.127431041102;-0.357561746346;-0.963579231588;0.35814768434;0.134367172322
85;-0.395668203208;-0.435976476871;0.172502029244;-0.415822340039;-0.969168349273;0.416310470331;0.130746498136
86;-0.392086196998;-0.440941437957;0.172887051508;-0.416513817478;-0.962706367559;0.417229515725;0.127621922571
87;-0.33845088567;-0.405005302082;0.13707440319;-0.371728093876;-0.943161121147;0.373214614347;0.127309429904
88;-0.36737672723;-0.4214839725;0.154843402397;-0.394430349865;-0.956403104021;0.395357053045;0.125651844529
89;-0.362427622756;-0.387876108149;0.1405770158;-0.375151865452;-0.978415673497;0.375367591175;0.122711217352
90;-0.380919818971;-0.408495516494;0.155604038193;-0.394707667733;-0.977770764974;0.394948411492;0.146912551257
91;-0.367614525843;-0.443503432493;0.163038304046;-0.405558979168;-0.940610186103;0.407330169668;0.129978020767
92;-0.399683836097;-0.417530550176;0.166880211982;-0.408607193137;-0.986099406008;0.408704617767;0.123422810591
93;-0.369742455192;-0.393465547276;0.145480917483;-0.381604001234;-0.980218068566;0.381788305259;0.127343913397
94;-0.393181364851;-0.426930503525;0.167861118073;-0.410055934188;-0.973816678195;0.410402997374;0.125265732074
95;-0.3538014154;-0.415601411578;0.147040367658;-0.384701413489;-0.948974951584;0.385940393613;0.125772923501
96;-0.360924984933;-0.431099816408;0.155594694742;-0.396012400671;-0.943741244231;0.397563766241;0.1297371297
97;-0.378057456361;-0.426981096359;0.161423387204;-0.40251927636;-0.961358995077;0.403261885726;0.13668089453
98;-0.361328039822;-0.411446232541;0.148667060696;-0.386387136181;-0.95876983496;0.387198885996;0.128827497669
99;-0.363789726187;-0.385436345796;0.140217782699;-0.374613035991;-0.981611913907;0.374769356765;0.153346853125
100;-0.379805427736;-0.422254964443;0.160374727384;-0.401030196089;-0.966337916334;0.401591470237;0.132628245362
101;-0.375761690233;-0.419396030794;0.157592961408;-0.397578860513;-0.965100444081;0.398177019987;0.13939633704
102;-0.386282358961;-0.4161530561;0.160752584199;-0.40121770753;-0.976312735322;0.401495595832;0.140611800441
103;-0.286622182485;-0.355559334992;0.101911192598;-0.321090758739;-0.931920601418;0.322935532415;0.136874466189
104;-0.292331593902;-0.354273197181;0.103565248409;-0.323302395541;-0.939200440144;0.324782434126;0.127607192053
105;-0.300493694642;-0.373545440124;0.11224804942;-0.337019567383;-0.931271986776;0.338993109338;0.124745715937
106;-0.328962568065;-0.385422992329;0.126789737348;-0.357192780197;-0.949790050338;0.358306610464;0.13125336841
107;-0.308381807528;-0.365937082317;0.112848338886;-0.337159444922;-0.945793844416;0.338385347961;0.127201373492
108;-0.330086163658;-0.369110709007;0.121838337901;-0.349598436332;-0.964504921284;0.350142535935;0.127766706315
109;-0.367745884531;-0.370310864947;0.136180296581;-0.369028374739;-0.997787554039;0.369030603261;0.142897433223
110;-0.345557953939;-0.360653918794;0.124626830258;-0.353105936366;-0.98639370603;0.353186599882;0.126244575957
111;-0.33092922423;-0.415794832345;0.137598661307;-0.373362028288;-0.927956924628;0.375765547951;0.13004003801
112;-0.352210314394;-0.420279572172;0.148026800248;-0.386244943283;-0.944047684259;0.387741553326;0.129426996584
113;-0.279501380804;-0.397554677072;0.111117081187;-0.338528028938;-0.890102111456;0.343635521398;0.124027393379
114;-0.374001049504;-0.404901574895;0.151433613957;-0.3894513122;-0.974757338965;0.389757662133;0.144862149684
115;-0.300440499935;-0.359582879552;0.108033260101;-0.330011689744;-0.943106682457;0.331333926174;0.13594082514
116;-0.323239978309;-0.37314239766;0.120614540526;-0.348191187984;-0.954457987077;0.349084038957;0.13412839254
117;-0.364929899019;-0.41655261136;0.1520125024;-0.390741255189;-0.958007553508;0.391592842905;0.120744914451
118;-0.367004992852;-0.410261146557;0.15056788916;-0.388633069705;-0.964607558537;0.389234423679;0.127532129512
119;-0.366380760087;-0.40112276673;0.146963664163;-0.383751763408;-0.971202268563;0.384144722306;0.132611581237
120;-0.351208485678;-0.392813616823;0.137959475518;-0.372011051251;-0.964437759093;0.372592228833;0.151228671474
121;-0.341001780512;-0.359372971499;0.122546823149;-0.350187376006;-0.983304963261;0.350307826744;0.12048678223
122;-0.371743027175;-0.417434272784;0.155178280211;-0.394588649979;-0.9631825273;0.395249446772;0.129685182421
123;-0.373284190176;-0.410569593736;0.153259138309;-0.391926891956;-0.969740852537;0.392370028121;0.127654192935
124;-0.351848396265;-0.376113110221;0.132334794645;-0.363980753243;-0.978787780115;0.36418289748;0.124237800402
125;-0.368194910754;-0.406383912028;0.149628488221;-0.387289411391;-0.968638178145;0.387759833054;0.131310730402
126;-0.36881411186;-0.410620591482;0.151442668759;-0.389717351671;-0.965886362921;0.390277541793;0.12628093327
127;-0.339056187777;-0.368511950593;0.124946257118;-0.353784069185;-0.973513081439;0.354090494224;0.123934257293
128;-0.333915156098;-0.359297992927;0.119975045394;-0.346606574512;-0.976699807518;0.34683885249;0.121896525309
129;-0.355241176413;-0.372256661405;0.132240894325;-0.363748918909;-0.985112781113;0.363848399323;0.136268277598
130;-0.304864897466;-0.407408799005;0.124204641735;-0.356136848236;-0.908973216391;0.359808654158;0.12959141305
131;-0.329006945984;-0.406291340456;0.133672673103;-0.36764914322;-0.933332108441;0.369674332241;0.123747572036
132;-0.31835607598;-0.364250582201;0.115961386023;-0.34130332909;-0.957261705963;0.342073879262;0.127845460501
133;-0.36392463858;-0.37801604918;0.137569354075;-0.37097034388;-0.987910364897;0.371037246111;0.12730704508
134;-0.335185665746;-0.370873677845;0.124311540616;-0.353029671795;-0.967849196222;0.353480349835;0.139030856881
135;-0.379573116945;-0.403896121012;0.153308109575;-0.391734618979;-0.98024232128;0.391923351994;0.146870475629
136;-0.372561440551;-0.38233473166;0.1424431784;-0.377448086105;-0.991758439103;0.377479717348;0.140293558203
137;-0.271524809048;-0.389714337653;0.105817111115;-0.330619573351;-0.887399984296;0.33585933581;0.124416958591
138;-0.28074634129;-0.376863637734;0.105803087459;-0.328804989512;-0.907604909492;0.33229859283;0.126951616891
139;-0.373949433378;-0.401022994076;0.149962321406;-0.387486213727;-0.977768812306;0.387722594455;0.125040407387
140;-0.356357885853;-0.378785911596;0.134983346647;-0.367571898725;-0.980583802337;0.367742919465;0.122967708312
141;-0.370267239734;-0.380685856738;0.14095550138;-0.375476548236;-0.991168193988;0.375512683102;0.126009815421
142;-0.377415461385;-0.422621089041;0.159503733311;-0.400018275213;-0.96406635791;0.400656346134;0.151793966472
143;-0.33584506449;-0.353166759677;0.11860931318;-0.344505912084;-0.983998806706;0.344614761352;0.13127973787
144;-0.327708166961;-0.334724903918;0.109692084699;-0.331216535439;-0.993256939261;0.331235115889;0.122970426649
145;-0.317992222589;-0.33375715972;0.106132181024;-0.325874691154;-0.984604029907;0.325970010347;0.123949036059
146;-0.34605564093;-0.391611591895;0.135519400429;-0.368833616413;-0.960734282372;0.369536294243;0.150119752886
147;-0.328176645192;-0.412646234212;0.135420856795;-0.370411439702;-0.92772392331;0.372811497314;0.125126460036
148;-0.373640614273;-0.387515144248;0.144791396537;-0.380577879261;-0.988396826901;0.380641101076;0.136839240488
149;-0.344559745513;-0.382352923866;0.131743426143;-0.363456334689;-0.966931046968;0.363947232863;0.137135816016
150;-0.372983381438;-0.410958932703;0.153280852352;-0.39197115707;-0.96918510144;0.392430788291;0.139912390029
151;-0.364424724099;-0.403681708416;0.147111595213;-0.384053216257;-0.96749142436;0.384554483295;0.133362455527
152;-0.38056908525;-0.409982340104;0.156026604142;-0.395275712677;-0.976324846306;0.395549205438;0.144680832029
153;-0.30597839987;-0.412426052428;0.126193463587;-0.359202226149;-0.906351954726;0.363123966373;0.124133329106
154;-0.333256936905;-0.370456955435;0.123457350223;-0.35185694617;-0.966378033776;0.352348223939;0.125973573298
155;-0.35725953582;-0.381023722567;0.136124358261;-0.369141629193;-0.979515275083;0.369332812713;0.12973446682
156;-0.293772039132;-0.385865632418;0.113356533666;-0.339818835775;-0.914257737588;0.34292440658;0.133374242248
157;-0.321677418712;-0.341250854305;0.109772693946;-0.331464136508;-0.981208801126;0.331608584986;0.123098700246
158;-0.322059534378;-0.396186554813;0.12759565737;-0.359123044596;-0.934529068469;0.361030559578;0.126950390122
159;-0.348504643627;-0.404474077068;0.140961094085;-0.376489360347;-0.952766469788;0.377527989459;0.122053114892
160;-0.372701817842;-0.392930933757;0.146446073297;-0.382816375799;-0.983183504546;0.382949973055;0.140357997988
161;-0.370279957016;-0.417612602413;0.154633576471;-0.393946279714;-0.961800976619;0.394656516646;0.129620888492
162;-0.350649684913;-0.417870807419;0.146526266956;-0.384260246166;-0.944457357885;0.385727373428;0.131014059497
163;-0.354969221591;-0.395389513072;0.14035110768;-0.375179367331;-0.965739706704;0.375723312641;0.131505851145
164;-0.340748838515;-0.358063432269;0.12200969866;-0.349406135392;-0.984229587316;0.349513370615;0.125065694136
165;-0.334218277903;-0.349940346572;0.11695646;-0.342079312238;-0.985372955766;0.342169624195;0.121970273527
166;-0.254312387111;-0.311216573569;0.0791462297327;-0.28276448034;-0.936157454647;0.28419231684;0.167903380157
167;-0.301751209329;-0.369725747419;0.111565191404;-0.335738478374;-0.935772901703;0.337454382573;0.124265573484
168;-0.298731784224;-0.36540623067;0.109158455255;-0.332069007447;-0.936301603222;0.333738215012;0.146638658455
169;-0.306273100219;-0.408344786165;0.125065023617;-0.357308943192;-0.909680007476;0.360935365617;0.144438663677
170;-0.310842987177;-0.391147312495;0.121585399042;-0.350995149836;-0.927488952927;0.353284292567;0.147007067746
171;-0.208961822104;-0.273484784253;0.0571478788351;-0.241223303178;-0.915360000422;0.243371085294;0.123205537137
172;-0.290874102272;-0.340200308975;0.0989554594659;-0.315537205624;-0.95034131833;0.316499599999;0.143289502094
173;-0.306432921351;-0.411023458026;0.125951118987;-0.358728189689;-0.907842967549;0.362519943131;0.137940160861
174;-0.310730103619;-0.433568594953;0.134722814436;-0.372149349286;-0.895871402601;0.377183591785;0.135896564276
175;-0.234042537998;-0.285821713753;0.0668944393016;-0.259932125875;-0.936800257473;0.261218262804;0.162969764768
176;-0.207360162073;-0.267331039086;0.055433807592;-0.23734560058;-0.919995468754;0.239232231601;0.122932457431
177;-0.313882284231;-0.395275694652;0.124070037938;-0.354578989441;-0.927250476524;0.356906824771;0.152192980916
178;-0.298256928731;-0.355734269561;0.106100210684;-0.326995599146;-0.944192774749;0.328256047984;0.12735453289
179;-0.320256948495;-0.443620593381;0.142072577525;-0.381938770938;-0.898068141948;0.386887415103;0.138171182524
180;-0.320772818974;-0.446115683517;0.14310178539;-0.383444251245;-0.896860659878;0.388532112233;0.130609938043
181;-0.320538571028;-0.386839420399;0.123996955032;-0.353688995713;-0.940504961843;0.355239153734;0.124619858902
182;-0.323405523329;-0.405471669039;0.131131777321;-0.364438596184;-0.92862196182;0.366741330445;0.124656664051
183;-0.317889969407;-0.412320591456;0.131072580204;-0.365105280431;-0.918126898379;0.368145557346;0.118606859483
184;-0.313108851494;-0.401204772626;0.125620765571;-0.35715681206;-0.921880496679;0.359862767219;0.12061012699
185;-0.325690222907;-0.437256147624;0.142410052187;-0.381473185266;-0.90756202097;0.385530193326;0.124933479137
186;-0.323272208296;-0.438545589299;0.141769601091;-0.380908898797;-0.904396021836;0.385244827707;0.127961454048
187;-0.318622956816;-0.427809885412;0.136310050645;-0.373216421114;-0.907532141299;0.377188206779;0.146014068662
188;-0.318499830784;-0.417790528039;0.133066212484;-0.368145179412;-0.914664938741;0.37147750102;0.139110752872
189;-0.32468435443;-0.419779857402;0.136295952003;-0.372232105916;-0.919118214531;0.375256617991;0.128860870864
190;-0.314012485964;-0.441196735258;0.138541283638;-0.377604610611;-0.893783987105;0.382921924512;0.135864054268
191;-0.314556595327;-0.440895347436;0.138686539385;-0.377725971381;-0.894510473597;0.382971643241;0.137325063522
192;-0.319318393707;-0.443762290851;0.141701461902;-0.381540342279;-0.897085433252;0.3865806561;0.126986238773
193;-0.291040645961;-0.34311381826;0.0998600673046;-0.317077232111;-0.947841411532;0.318144424658;0.135397067841
194;-0.323388166996;-0.413401674921;0.133689209886;-0.368394920958;-0.922607772823;0.371133972698;0.1476212631
195;-0.330920270266;-0.441774676361;0.146192195298;-0.386347473314;-0.909286548851;0.39030314497;0.124858426474
196;-0.321686694956;-0.44275858973;0.142429547394;-0.382222642343;-0.900003528936;0.386986755905;0.139835805126
197;-0.31538872229;-0.425840450827;0.134305275686;-0.370614586559;-0.90582920711;0.374706642394;0.124835997013
198;-0.309415524892;-0.401858091281;0.124341132246;-0.355636808086;-0.917721223547;0.35862786602;0.17958238337
199;-0.247288080386;-0.288199095939;0.0712682012037;-0.267743588162;-0.951456793519;0.268523847731;0.13368104103
200;-0.276245188218;-0.317362247242;0.0876697937227;-0.29680371773;-0.955973950661;0.297514873568;0.131947830811
201;-0.275920153848;-0.316956609605;0.0874547164853;-0.296438381727;-0.956006002087;0.297147626334;0.129586885293
202;-0.319270215654;-0.439181789216;0.140217664554;-0.379226002435;-0.900176401581;0.383936267226;0.131417812807
203;-0.325402853154;-0.435251294222;0.141632012979;-0.380327073688;-0.908694985101;0.384272498342;0.122564385428
204;-0.32963348763;-0.438627750626;0.14458639521;-0.384130619128;-0.910280634592;0.387977151251;0.124816966193
205;-0.324292836358;-0.449227088326;0.145681126642;-0.386759962342;-0.898057398047;0.391772140791;0.124831270298
206;-0.323174939455;-0.430077242295;0.13899018674;-0.376626090875;-0.910249653539;0.380400102413;0.12519087655
207;-0.316571856898;-0.422486528119;0.133747344721;-0.369529192509;-0.909382834791;0.373304572047;0.126123369224
208;-0.312815573093;-0.396553797449;0.124048203411;-0.354684685271;-0.925195755917;0.357147376471;0.138020811096
209;-0.317526924847;-0.420507901445;0.133522580819;-0.369017413146;-0.911739732678;0.372592433619;0.140096705885
210;-0.316529693238;-0.36792205886;0.116458256427;-0.342225876049;-0.952288648284;0.343189224843;0.122874574985
211;-0.323156015626;-0.397781809144;0.128545584531;-0.360468912385;-0.934336003983;0.362394935202;0.123811395047
212;-0.321955722195;-0.44172994972;0.142217484977;-0.381842835957;-0.900961205306;0.386510566177;0.127878961057
213;-0.322930178618;-0.442667412219;0.142950666496;-0.382798795418;-0.90123460414;0.38745215066;0.121867267644
214;-0.320492932939;-0.448604530854;0.143774581823;-0.384548731897;-0.894920521103;0.389847242626;0.134171745286
215;-0.317255094211;-0.385282420143;0.1222328105;-0.351268757177;-0.938547134352;0.352911701474;0.131576354816
216;-0.30908112549;-0.369702966798;0.114268209075;-0.339392046144;-0.943294277043;0.340742883853;0.133385284981
217;-0.286836073816;-0.371067346629;0.106435500828;-0.328951710222;-0.918934680905;0.331636780964;0.184193792201
218;-0.291042084914;-0.368932380279;0.107374849149;-0.329987232597;-0.92521198368;0.332277441613;0.13691380695
219;-0.32374959109;-0.433398644738;0.140312634013;-0.378574117914;-0.908442215796;0.382523321506;0.131736324747
220;-0.317479505893;-0.431137757486;0.136877402219;-0.37430863169;-0.904078224823;0.37859807355;0.126221511915
221;-0.316317883826;-0.445818219946;0.141020275905;-0.381068051886;-0.892850482435;0.386530004569;0.126549579367
222;-0.320033069178;-0.437226112124;0.139926814588;-0.378629590651;-0.902252494875;0.383136945811;0.12970934308
223;-0.321728501836;-0.442854996506;0.142479074556;-0.382291749171;-0.899976960212;0.387059282813;0.126895904561
224;-0.31852279321;-0.440378740441;0.140270666476;-0.379450766826;-0.898643852138;0.384311205163;0.12273399195
225;-0.322606311338;-0.413000807555;0.133236667105;-0.367803559447;-0.922159729537;0.370570168225;0.120378544104
226;-0.32272237662;-0.428107471209;0.138159860557;-0.375414923915;-0.911225156888;0.379094802969;0.12836442231
227;-0.314525481476;-0.422462656117;0.132875270321;-0.368494068797;-0.90742067751;0.372425143023;0.143579958179
228;-0.292632946236;-0.352213263383;0.103069204967;-0.32242310481;-0.941346287409;0.323796405265;0.146418056614
229;-0.284229072421;-0.341565994606;0.0970829858172;-0.312897533513;-0.941833690893;0.314208127107;0.1519149941
230;-0.28997949108;-0.384839744758;0.111595633332;-0.337409617919;-0.911092058339;0.340726968695;0.148308740124
231;-0.312106128308;-0.40315944508;0.125828533495;-0.357632786694;-0.91939185508;0.360518913155;0.161405056455
232;-0.299572655933;-0.392048306553;0.117446952448;-0.345810481243;-0.915380374106;0.348887984068;0.130150914716
233;-0.32362637854;-0.441312376717;0.142820326282;-0.382469377628;-0.902817888618;0.386969408824;0.12386077874
234;-0.324487819362;-0.418101177468;0.135668739349;-0.371294498415;-0.92016661847;0.37423317565;0.134581521928
235;-0.320526574584;-0.400985754653;0.128526590396;-0.360756164618;-0.929299681294;0.362992328052;0.12177508321
236;-0.324233003881;-0.434065015203;0.140738203759;-0.379149009542;-0.908428690926;0.383105389044;0.133977290494
237;-0.305701477145;-0.371217480058;0.113481731996;-0.338459478602;-0.938575697217;0.340041034751;0.125036138181
238;-0.300087978249;-0.375099972923;0.112562992516;-0.337593975586;-0.929561703892;0.339671005811;0.139036503308
239;-0.322928514611;-0.419911740512;0.135601474631;-0.371420127561;-0.91735210269;0.374572219584;0.126119520404
240;-0.312520633672;-0.39890292184;0.124665393907;-0.355711777756;-0.923077073744;0.358324355524;0.125040380067
241;-0.322013856817;-0.440876938036;0.141968483199;-0.381445397427;-0.901601854727;0.386047534945;0.124535376325
242;-0.300576942239;-0.369086850122;0.11093899683;-0.334831896181;-0.935096463028;0.336579560534;0.121797910478
243;-0.329986788667;-0.431866121193;0.142510114467;-0.38092645493;-0.915369645566;0.384317334588;0.12216556886
244;-0.322753076588;-0.440870330252;0.142292255465;-0.38181170342;-0.902301927411;0.386352298132;0.128558086418
245;-0.322331046837;-0.429501122666;0.138441546486;-0.375916084751;-0.909860147749;0.379716024238;0.129205363029
246;-0.304625614466;-0.389722704036;0.118719518188;-0.347174159251;-0.922365086381;0.349771747737;0.143492813522
247;-0.313036103244;-0.432311416074;0.135329081076;-0.372673759659;-0.898980508801;0.377415396084;0.12535202499
248;-0.314967633233;-0.376689080548;0.118644868165;-0.34582835689;-0.943339971862;0.347202587396;0.124856997359
249;-0.318795947739;-0.437871381755;0.139591622134;-0.378333664747;-0.900631177459;0.38298968867;0.120378775451
250;-0.300630519771;-0.378307570313;0.113730801496;-0.339469045042;-0.927479894044;0.341683572311;0.125830892585
251;-0.318677508489;-0.420227564128;0.133917073135;-0.369452536309;-0.913052026378;0.372925300878;0.127503928031
252;-0.296437885727;-0.374230242883;0.110936021975;-0.335334064305;-0.926485509697;0.337582356457;0.145222778691
253;-0.320540475014;-0.438181327455;0.140454850845;-0.379360901235;-0.902071033205;0.383893912333;0.135066522875
254;-0.315315643254;-0.402384465369;0.126878116533;-0.358850054311;-0.923143138636;0.361481128727;0.151358828447
255;-0.314197484734;-0.400071967776;0.125701605988;-0.357134726255;-0.923826718473;0.359706574039;0.147603366981
256;-0.308988296337;-0.394249695253;0.121818541668;-0.351618995795;-0.923190360561;0.35419386604;0.128460339194
257;-0.235326620747;-0.341443392218;0.0803507196668;-0.288385006482;-0.884167196558;0.293225347234;0.119612244375
258;-0.241780339184;-0.324243548904;0.0783957152321;-0.283011944044;-0.907899743468;0.285999660333;0.124298032733
259;-0.236379037304;-0.330121562334;0.0780338170977;-0.283250299819;-0.895600446772;0.287102155333;0.12634959034
260;-0.245171043332;-0.374105084025;0.0917197337661;-0.309638063678;-0.869321848064;0.316277927132;0.122189363262
261;-0.237194686123;-0.373801825417;0.0886638066519;-0.30549825577;-0.859967016488;0.313040831051;0.122118703615
262;-0.289590268992;-0.337627327957;0.0977735887221;-0.313608798475;-0.951337848184;0.314527213829;0.122818210279
263;-0.256927228436;-0.326858158811;0.0839787608349;-0.291892693623;-0.924101755224;0.29397946926;0.141761031923
264;-0.262022352988;-0.338136683688;0.0885993694915;-0.300079518338;-0.919690329057;0.302483165086;0.129174049664
265;-0.27311908074;-0.332907387326;0.0909233595981;-0.303013234033;-0.937396057119;0.304484285966;0.12142407314
266;-0.282629699534;-0.346770460205;0.098007630975;-0.31470007987;-0.935346700603;0.316329969438;0.117775276002
267;-0.26146629639;-0.321927709932;0.0841732460212;-0.291697003161;-0.934257113209;0.293259334523;0.129669029782
268;-0.248821029143;-0.359318072089;0.0894058924867;-0.304069550616;-0.885576392969;0.309048039529;0.14123909883
269;-0.262020310598;-0.362102426535;0.0948781902691;-0.312061368567;-0.898775667131;0.316048105886;0.12414380587
270;-0.282605458712;-0.365120706356;0.103185104705;-0.323863082534;-0.919334116631;0.32648045539;0.12510137513
271;-0.293028746359;-0.333557592071;0.0977419630431;-0.313293169215;-0.95887945421;0.313947856674;0.12586032449
272;-0.283225404818;-0.344527618092;0.097578974105;-0.313876511455;-0.938028410944;0.315369552717;0.124435847722
273;-0.281841124491;-0.331138891085;0.0933285574261;-0.306490007788;-0.948911006827;0.307479580333;0.122437040056
274;-0.273952829223;-0.327871395779;0.0898212964949;-0.300912112501;-0.943115907659;0.302117365282;0.125786130838
275;-0.246716643347;-0.315601341404;0.0778641035869;-0.281158992375;-0.922399864001;0.283260753371;0.130350258251
276;-0.244806933777;-0.318652806273;0.0780084164432;-0.281729870025;-0.917038754053;0.284139090738;0.136993521413
277;-0.248024139593;-0.327328284647;0.0811853161641;-0.28767621212;-0.912800478369;0.290396091357;0.125145762947
278;-0.241865372069;-0.321577194434;0.0777783877806;-0.281721283251;-0.910529342804;0.284526580644;0.125036152255
279;-0.294654229814;-0.340014908135;0.100186830882;-0.317334568974;-0.954577144449;0.318144034127;0.123322818745
280;-0.293052838296;-0.346921246741;0.101666256022;-0.319987042518;-0.94653995165;0.321118605404;0.123022545011
281;-0.267692819976;-0.341832331544;0.09150606079;-0.30476257576;-0.922943368675;0.307008785506;0.125347342145
282;-0.287929733305;-0.35815268994;0.103122808497;-0.323041211622;-0.931076106059;0.324943749465;0.128198552407
283;-0.265682968456;-0.317905554776;0.0844620914815;-0.291794261616;-0.943183230292;0.29296022041;0.151254678768
284;-0.281426833047;-0.326036167198;0.0917553259935;-0.303731500123;-0.953333291726;0.304549375866;0.116806974834
285;-0.298371723558;-0.375733174222;0.11210815479;-0.33705244889;-0.92725863448;0.339264722326;0.122404499412
286;-0.245039254855;-0.398550265657;0.0976604601186;-0.321794760256;-0.850936681394;0.330822120387;0.123936122064
287;-0.261760527242;-0.341522062686;0.0893969951936;-0.301641294964;-0.916316219995;0.304266242725;0.144818250162
288;-0.251024942691;-0.334149805615;0.0838799358048;-0.292587374153;-0.910168310068;0.295524630484;0.129752335442
289;-0.285897003787;-0.341292706684;0.0975745622555;-0.313594855236;-0.943916933213;0.314815667026;0.127768029925
290;-0.259465020448;-0.386943563268;0.100398319555;-0.323204291858;-0.876042561198;0.32942936875;0.122759613954
291;-0.281181236851;-0.334539265523;0.0940661644552;-0.307860251187;-0.944968336494;0.30901408393;0.119476344209
292;-0.239906605508;-0.348823964013;0.0836851731264;-0.294365284761;-0.883539717106;0.29936043262;0.158083753279
293;-0.267440295618;-0.355415699103;0.0950524796353;-0.31142799736;-0.91067144246;0.314519181362;0.130112667399
294;-0.254004494068;-0.318894806062;0.0810007138746;-0.286449650065;-0.92819830346;0.288281269197;0.129556725264
295;-0.23795613884;-0.327456021579;0.0779201705348;-0.282706080209;-0.900057782329;0.286225933556;0.12421652319
296;-0.279494357894;-0.347140307096;0.0970237572309;-0.313317332495;-0.931541252338;0.315137659528;0.126309240172
297;-0.238247347824;-0.342287643667;0.0815491232968;-0.290267495746;-0.887106943573;0.294892039357;0.132609304515
298;-0.261360341561;-0.397026869538;0.103767078231;-0.329193605549;-0.870629596096;0.336109776171;0.124960095927
299;-0.268024383708;-0.318947578872;0.0854857282624;-0.29348598129;-0.944907514319;0.294588380907;0.124101589794
300;-0.234704873575;-0.360886926961;0.0847019205672;-0.297795900268;-0.867091028792;0.30440577502;0.128569855275
301;-0.258187273501;-0.315371064682;0.0814247953313;-0.286779169091;-0.936738038406;0.288200951279;0.140383508368
302;-0.2350673886;-0.384453361226;0.0903724476619;-0.309760374913;-0.849366474596;0.318638560238;0.121142092628
303;-0.259903808337;-0.322756301481;0.0838855919197;-0.291330054909;-0.931591313023;0.293020152663;0.113149107935
304;-0.234046288937;-0.351361931272;0.0822349560877;-0.292704110104;-0.87408942121;0.298523761292;0.123799739107
305;-0.246178767746;-0.394368656985;0.0970851900144;-0.320273712366;-0.855265093255;0.328732887997;0.123303872237
306;-0.240450129673;-0.381067513515;0.0916277330389;-0.310758821594;-0.858350581111;0.318613178256;0.172806644001
307;-0.25382497319;-0.377133953482;0.0957260156316;-0.315479463336;-0.877133322264;0.32144761306;0.126170634226
308;-0.35293422638;-0.413596824991;0.145972475461;-0.383265525685;-0.94972325305;0.384463848621;0.131850722455
309;-0.388710224348;-0.408551702478;0.158808223928;-0.398630963413;-0.984159697075;0.398754393148;0.117113916546
310;-0.298511653444;-0.392245202034;0.117089763815;-0.345378427739;-0.914137137439;0.348543760352;0.122520262022
311;-0.320816080371;-0.390525608462;0.125286894991;-0.355670844417;-0.937811581519;0.357374599188;0.119398099174
312;-0.388991301626;-0.453958003055;0.176585714492;-0.42147465234;-0.951032063817;0.422724556466;0.130094145375
313;-0.39662479211;-0.435296579702;0.17264941543;-0.415960685906;-0.970428076963;0.416409857002;0.138634668673
314;-0.277163937231;-0.360338241589;0.0998727657735;-0.31875108941;-0.917407349354;0.321452559838;0.117048590174
315;-0.261616879476;-0.370618858387;0.0969601492063;-0.316117868932;-0.891310678746;0.320781646778;0.120724156514
316;-0.33831452282;-0.376449973442;0.127358493131;-0.357382248131;-0.966066047455;0.357890555097;0.118657235879
317;-0.348629443009;-0.384340386239;0.133992374781;-0.366484914624;-0.969007824199;0.366919624051;0.116849309181
318;-0.419353062876;-0.475528170872;0.199414194939;-0.447440616874;-0.960089317304;0.448321331545;0.143537855144
319;-0.405613806887;-0.466912970593;0.189386347487;-0.43626338874;-0.955347794829;0.437338703093;0.136065044459
320;-0.383188839435;-0.441966947758;0.16935680178;-0.412577893596;-0.954728296524;0.413623300588;0.123379466426
321;-0.396770850264;-0.427143915475;0.169478254528;-0.41195738287;-0.976542061526;0.412237208502;0.121134198309
322;-0.412760545048;-0.470545783164;0.194222733929;-0.441653164106;-0.958412071617;0.442597221863;0.11700372028
323;-0.413814299334;-0.483111996059;0.199918652149;-0.448463147696;-0.950911445061;0.449799663778;0.125261525877
324;-0.235320158852;-0.377624944144;0.0888627618423;-0.306472551498;-0.854771601148;0.314623724154;0.123484924078
325;-0.242915095662;-0.384436900648;0.0933855264969;-0.313675998155;-0.858751833261;0.321558295088;0.142550588094
326;-0.411371854127;-0.464512260427;0.191087269837;-0.437942057277;-0.961423188942;0.438747331875;0.112540501442
327;-0.418727782981;-0.430865048647;0.180415166584;-0.424796415814;-0.990905881702;0.424839761784;0.121851750703
328;-0.355827580059;-0.44158525156;0.157128211452;-0.398706415809;-0.93179693683;0.401005486948;0.13053388255
329;-0.370409022;-0.450311936519;0.166799604001;-0.41036047926;-0.938215336354;0.412300669264;0.136480393525
330;-0.346925886341;-0.406158481433;0.140906891166;-0.376542183887;-0.950030606665;0.377705098359;0.123173861003
331;-0.347529092382;-0.379930410714;0.132036870804;-0.363729751548;-0.971663445788;0.364090364495;0.118622338329
332;-0.32332401693;-0.389777391648;0.126024391976;-0.356550704289;-0.940844735066;0.358095542393;0.12055601187
333;-0.385830507094;-0.456316984133;0.176061013384;-0.421073745614;-0.946839789375;0.422546074537;0.121740131847
334;-0.383179327495;-0.474656188503;0.181878439102;-0.428917757999;-0.932368467486;0.431349564915;0.133630583683
335;-0.369148631744;-0.472684475771;0.174490827477;-0.420916553757;-0.922094282599;0.424088036823;0.132728185152
336;-0.323022504179;-0.357599502762;0.115512686875;-0.340311003471;-0.967686185405;0.340749866164;0.121171166839
337;-0.358006703285;-0.390952841525;0.139963737934;-0.374479772405;-0.9720136419;0.374841915942;0.11714463883
338;-0.374835778747;-0.414072770193;0.155209289273;-0.39445427447;-0.968363280322;0.394941843848;0.12864359715
339;-0.359495334822;-0.398292657588;0.143184352297;-0.378893996205;-0.967434696703;0.379390258736;0.116037777492
340;-0.301436271892;-0.39785072507;0.119926639335;-0.349643498481;-0.912775739317;0.352951147789;0.115592489375
341;-0.330316868024;-0.416167680691;0.137467204859;-0.373242274358;-0.927104645038;0.375702523117;0.180147291718
342;-0.422235687022;-0.469143607729;0.198089173521;-0.445689647375;-0.966529411463;0.446306341019;0.125249978203
343;-0.422987893016;-0.452551563038;0.191423832131;-0.437769728027;-0.978511912018;0.438019220381;0.131390802447
344;-0.416341856741;-0.471665724313;0.196374183422;-0.444003790527;-0.960389070737;0.444864640743;0.153729586766
345;-0.409811744474;-0.431386863159;0.176787402934;-0.420599303816;-0.98367551201;0.420737621098;0.125876403307
346;-0.418387873504;-0.442229108346;0.185023296242;-0.430308490925;-0.982368555372;0.430473574661;0.125399882303
347;-0.353986594271;-0.404404196808;0.143153664337;-0.379195395539;-0.957739883631;0.380032408697;0.121679009237
348;-0.372214982048;-0.397081612839;0.147799725394;-0.384648297444;-0.979429157805;0.384849191318;0.125867449013
349;-0.264798057203;-0.376096185061;0.0995895391256;-0.320447121132;-0.890535874452;0.325243256283;0.128147302348
350;-0.350712094547;-0.415398894094;0.14568541622;-0.383055494321;-0.946374025667;0.384418531341;0.115490275417
351;-0.362690698013;-0.452717557429;0.164196446907;-0.407704127721;-0.929996181945;0.410181502039;0.124112160837
352;-0.347641044642;-0.447659281175;0.155624740151;-0.397650162909;-0.920355809997;0.400782439699;0.123691824501
353;-0.349774678157;-0.433384232797;0.151586830545;-0.391579455477;-0.932291332729;0.393804658884;0.120166366963
354;-0.381098725583;-0.473060075106;0.180282591747;-0.427079400345;-0.93172256609;0.429547478924;0.12473232853
355;-0.401606642637;-0.466085369235;0.187182980321;-0.433846005936;-0.952779184732;0.435042220265;0.135499139634
356;-0.324436975471;-0.36628919499;0.11883775857;-0.345363085231;-0.961473277163;0.345996477886;0.118495131
357;-0.3151242069;-0.356977716216;0.112492319704;-0.336050961558;-0.960407180963;0.336701912416;0.118728811235
358;-0.342121339382;-0.399413936757;0.136648031011;-0.370767638069;-0.95091092132;0.371872628554;0.118191434208
359;-0.238837923621;-0.373783437772;0.0892736601614;-0.306310680697;-0.861972474866;0.313653959095;0.135723228185
360;-0.26983048286;-0.353952554096;0.0955071885813;-0.311891518478;-0.914661647891;0.31471487098;0.139768366635
361;-0.259903758334;-0.346233043478;0.0899872692592;-0.303068400906;-0.909934895636;0.306126839718;0.121671946861
362;-0.406406713203;-0.41794608554;0.16985609492;-0.412176399371;-0.991089115198;0.412216779713;0.125604976172
363;-0.312312059482;-0.386498745665;0.120708219246;-0.349405402574;-0.932667790758;0.35136882538;0.118497976264
364;-0.262968342216;-0.359118972999;0.0944369209879;-0.311043657608;-0.902375710983;0.314737021794;0.124865588101
365;-0.379542029847;-0.419195126035;0.159102169037;-0.399368577941;-0.968421104796;0.399860416966;0.134890461778
366;-0.427654041125;-0.463735342016;0.198318293026;-0.44569469157;-0.974245220644;0.446059663232;0.130228857914
367;-0.415281119783;-0.462183413898;0.191936045669;-0.438732266841;-0.966003709067;0.439358575955;0.116107819134
368;-0.402437809733;-0.455853018126;0.183452490175;-0.429145413929;-0.960431387117;0.429975676543;0.139006608818
369;-0.371769837258;-0.463708967973;0.172393007559;-0.417739402616;-0.930224787803;0.420261120539;0.126797138539
370;-0.348885765655;-0.391783600385;0.136687721391;-0.37033468302;-0.963169619188;0.370955298525;0.120460156485
371;-0.336718718365;-0.425529922357;0.143283890082;-0.381124320361;-0.926159012854;0.383702495508;0.132307248098
372;-0.41491455956;-0.472472881299;0.196035877448;-0.443693720429;-0.958764902541;0.444626087459;0.123667697995
373;-0.370359801831;-0.433367526774;0.160501911336;-0.401863664303;-0.950194435396;0.403096636103;0.125026175659
374;-0.355377069961;-0.40797728488;0.144985772112;-0.381677177421;-0.956201876695;0.382582230921;0.120688452634
375;-0.278123254388;-0.383911019518;0.106774582144;-0.331017136953;-0.89912605354;0.335216508796;0.121734497849
376;-0.350707766257;-0.458857495261;0.160924887193;-0.404782630759;-0.915454606982;0.408378585549;0.122076999118
377;-0.286999490587;-0.357603345595;0.102631978018;-0.322301418091;-0.930547394044;0.324228978022;0.115018388572
378;-0.402082546028;-0.428780539504;0.172405171011;-0.415431542766;-0.97955063269;0.415645958045;0.134454688569
379;-0.289015696918;-0.383118257551;0.110727190208;-0.336066977235;-0.911445236862;0.339344715838;0.131887775121
380;-0.247640911049;-0.369775294278;0.0915714907584;-0.308708102663;-0.875671962504;0.314690156411;0.121260616731
381;-0.40106000301;-0.461608144804;0.185132563945;-0.431334073907;-0.95539068513;0.432395192714;0.121970106453
382;-0.412608959775;-0.449042978047;0.185279156066;-0.430825968911;-0.973097248709;0.431210940155;0.128729104533
383;-0.378020229827;-0.409274733412;0.154714128787;-0.39364748162;-0.974740353716;0.39395754947;0.136090601896
384;-0.364766832598;-0.437119322095;0.159446630588;-0.400943077346;-0.94271426586;0.402571822109;0.124421582101
385;-0.296647091465;-0.35221028362;0.10448215622;-0.324428687543;-0.94561741118;0.325616016776;0.117761451952
386;-0.376681664208;-0.426945683459;0.160822610572;-0.401813673834;-0.960233510121;0.402598865358;0.126293388701
387;-0.273934515004;-0.38213172595;0.104679069016;-0.328033120477;-0.895946466816;0.332464114219;0.121647622656
388;-0.250003008524;-0.360257058752;0.0900653485301;-0.305130033638;-0.886211066152;0.310069873296;0.12136484638
389;-0.402358471402;-0.470704324456;0.18939187247;-0.436531397929;-0.950265013093;0.437866932167;0.129361634145
390;-0.357018154204;-0.425678322078;0.151974888833;-0.391348238141;-0.944296651788;0.392851114494;0.116016604314
391;-0.280551573701;-0.382251856983;0.107241360027;-0.331401715342;-0.903073280061;0.335280231801;0.115548004555
392;-0.345556864085;-0.406908343308;0.140609971084;-0.376232603697;-0.948208423298;0.377481089705;0.117477491798
393;-0.345571508744;-0.401742621834;0.138830803954;-0.373657065289;-0.952238925685;0.374711089944;0.121495614061
394;-0.341810432555;-0.390216022375;0.133379907398;-0.366013227465;-0.957964418106;0.366812565162;0.120786313098
395;-0.344759655948;-0.464787543539;0.160239993599;-0.404773599743;-0.906293933258;0.409198412141;0.117285143198
396;-0.34386369887;-0.445748191191;0.153276621788;-0.394805945031;-0.918307619927;0.39807894528;0.115338579622
397;-0.346822718389;-0.452956653421;0.157095657852;-0.399889685905;-0.916008743564;0.403395418832;0.13319548559
398;-0.355490107135;-0.453349923783;0.161161412975;-0.404420015459;-0.923349299242;0.407369224209;0.11616894505
399;-0.354949238446;-0.450183536276;0.159792303362;-0.402566387361;-0.925046354932;0.405372777951;0.118360962379
400;-0.347225109708;-0.461282479557;0.16016885957;-0.404253794632;-0.910779853452;0.408256538685;0.134623831086
401;-0.328712201717;-0.407750949082;0.134032712225;-0.3682315754;-0.931937169016;0.370346154317;0.142693067733
402;-0.318303743855;-0.405242053525;0.128990062804;-0.36177289869;-0.92387133454;0.364375078248;0.117149448724
403;-0.317027843261;-0.411832305981;0.130562307751;-0.364430074621;-0.917655759853;0.367500001125;0.117058966115
404;-0.286646093046;-0.337811255236;0.0968322765004;-0.312228674141;-0.947954564403;0.313274980507;0.115970872718
405;-0.320448317227;-0.389676712328;0.124871246728;-0.355062514778;-0.938132954215;0.356745752704;0.12205322182
406;-0.317336032709;-0.372048855205;0.118064507685;-0.344692443957;-0.949580547595;0.34577630653;0.132689791805
407;-0.320566518179;-0.434117509601;0.139163538533;-0.37734201389;-0.904926316965;0.381589376634;0.124376788824
408;-0.347406432335;-0.458524678904;0.159294422836;-0.40296555562;-0.912775586825;0.406777648348;0.131681363784
409;-0.340487673909;-0.425254681338;0.144793977268;-0.382871177624;-0.929812517777;0.385209942813;0.130258701879
410;-0.339893862003;-0.444712086057;0.151154908409;-0.39230297403;-0.915452369488;0.395788249518;0.126408813772
411;-0.360185489196;-0.447508259289;0.161185981291;-0.403846874242;-0.931438971999;0.406200214647;0.132078213782
412;-0.334022223964;-0.413886696086;0.138247354696;-0.373954460025;-0.932276028624;0.376080472305;0.117584288822
413;-0.341231638444;-0.407490059886;0.139048500785;-0.374360849165;-0.94380846432;0.375823881613;0.125624888658
414;-0.335318117177;-0.388069680576;0.130126794624;-0.361693898876;-0.953657845164;0.362654323488;0.123383450003
415;-0.345542865283;-0.380782776805;0.131576771748;-0.363162821044;-0.969136645586;0.36359001283;0.11787216722
416;-0.296468339624;-0.426207303139;0.126356971497;-0.361337821381;-0.886914914686;0.36711452004;0.124415265468
417;-0.307178519865;-0.455546041134;0.139933958646;-0.381362280499;-0.877690206186;0.388510513795;0.125473800038
418;-0.324894871748;-0.455562808284;0.14801002017;-0.390228840016;-0.894393573451;0.395660302519;0.124287842761
419;-0.349045237346;-0.401533603986;0.140153392106;-0.375289420666;-0.955553208139;0.376205936186;0.115301751585
420;-0.311691744708;-0.45532727271;0.141921752044;-0.383509508709;-0.88214859229;0.390176030141;0.129041273728
421;-0.316720821492;-0.442946922682;0.140290513229;-0.379833872087;-0.895177186143;0.385041591961;0.141487135894
422;-0.292358631734;-0.416514705624;0.121771669433;-0.354436668679;-0.889618423675;0.359831953522;0.138356766681
423;-0.351708778327;-0.423466403555;0.148936851457;-0.387587590941;-0.941235858561;0.389244691481;0.118245330753
424;-0.34545615152;-0.438654216761;0.15153579757;-0.39205518414;-0.924685759914;0.394814813872;0.119112358197
425;-0.318458330534;-0.376512134688;0.119903425838;-0.347485232611;-0.946943654095;0.34869549456;0.119659367619
426;-0.312104481482;-0.357586969813;0.111604495798;-0.334845725647;-0.956829887165;0.335617079676;0.129253783804
427;-0.331591106525;-0.458257159193;0.15195399849;-0.394924132859;-0.898768770375;0.399970177562;0.138031095669
428;-0.341535238564;-0.405444728822;0.138473662183;-0.373489983693;-0.945664935718;0.374854469968;0.12288634904
429;-0.333565004813;-0.380350764091;0.126871704454;-0.356957884452;-0.958339328872;0.357723577766;0.122569264183
430;-0.299440182324;-0.437580374356;0.131029147079;-0.36851027834;-0.88204652266;0.374927330834;0.125615830144
431;-0.317699220225;-0.352056869607;0.111848192949;-0.334878044916;-0.967370804097;0.335318381519;0.14174527044
432;-0.315423536824;-0.385530453735;0.12160537927;-0.350476995279;-0.936538607992;0.352225594144;0.139726129506
433;-0.357561084735;-0.450256015322;0.160994029247;-0.403908550028;-0.927267630099;0.406558980131;0.136832603833
434;-0.304404234919;-0.447600854567;0.136251595683;-0.376002544743;-0.880209142856;0.382758712014;0.130520968935
435;-0.322172368996;-0.433974749169;0.139814673024;-0.378073559082;-0.906547782334;0.382183933637;0.143192011372
436;-0.311014819132;-0.454804902058;0.141451064354;-0.382909860595;-0.881844121151;0.38960089621;0.127318982274
437;-0.33053923595;-0.446175110758;0.14747838021;-0.388357173354;-0.905912242331;0.392637502006;0.133494173352
438;-0.328887599082;-0.347139401207;0.11416984421;-0.338013500145;-0.982816313399;0.338136671111;0.1287357032
439;-0.353928142932;-0.415827019768;0.147172884887;-0.38487758135;-0.948916953297;0.386119955926;0.117708781942
440;-0.351777638273;-0.434897538929;0.152987229135;-0.393337588601;-0.932983567491;0.395527101572;0.131009180227
441;-0.356060543195;-0.441654301402;0.157255670462;-0.398857422298;-0.931951881332;0.401146876074;0.122403304225
442;-0.352372733001;-0.447012316502;0.157514951651;-0.399692524751;-0.924979479563;0.402483884191;0.127139057083
443;-0.352430094008;-0.445752675202;0.157096657226;-0.399091384605;-0.925903583307;0.401809916884;0.115747910819
444;-0.343632798918;-0.458901692595;0.157693673054;-0.401267245756;-0.909182733802;0.405385164972;0.124071397002
445;-0.335193157742;-0.353911548205;0.118628729404;-0.344552352973;-0.982711527265;0.34467944307;0.131502645574
446;-0.312749771218;-0.382833881474;0.119731208846;-0.347791826346;-0.93607258687;0.349552714338;0.122201717065
447;-0.331922591043;-0.389070072889;0.12914114669;-0.360496331966;-0.949645376053;0.361626968064;0.127172931965
448;-0.352770356447;-0.431638773241;0.152269363892;-0.392204564844;-0.936205460475;0.394182035963;0.117036702885
449;-0.336596772872;-0.445990256909;0.150118881208;-0.391293514891;-0.911583373663;0.395097897214;0.155929105826
450;-0.315933078002;-0.455152415246;0.143797703508;-0.385542746624;-0.886283513198;0.39177635896;0.131335042693
451;-0.343638290954;-0.438452269471;0.150668988546;-0.391045280213;-0.92319645599;0.393908407891;0.125786390065
452;-0.295788537209;-0.347409785809;0.102759832357;-0.321599161509;-0.949016005713;0.322633242259;0.126510070764
453;-0.341188764566;-0.432022206594;0.147401122933;-0.38660548558;-0.925553908107;0.389264023547;0.118047694056
454;-0.304668515105;-0.382678495392;0.116590088954;-0.343673505248;-0.928055125404;0.345879845417;0.121727852742
455;-0.321577932161;-0.45836298561;0.147399421091;-0.389970458885;-0.889474451192;0.395922336469;0.138284201616
456;-0.341478367838;-0.457070385738;0.156079649309;-0.399274376788;-0.908483285205;0.403435752766;0.129997100186
457;-0.352468748175;-0.416247356868;0.146714184806;-0.384358052522;-0.947301817731;0.385678674896;0.117423075289
458;-0.333931400398;-0.451789431341;0.150866677493;-0.39286041587;-0.905213789787;0.397255503702;0.127798026833
459;-0.356582550182;-0.447566507484;0.159594406615;-0.402074528833;-0.928275851731;0.404639897759;0.122129913133
460;-0.331507856347;-0.433259292703;0.143628859367;-0.382383574525;-0.915792986408;0.385753207073;0.124809201122
461;-0.265143197998;-0.402141875907;0.106625183027;-0.333642536952;-0.871088477544;0.340601676304;0.125508584714
462;-0.229479912234;-0.383459951939;0.0879963561163;-0.306469932087;-0.843313610561;0.315992535402;0.139509109644
463;-0.224665051355;-0.371151351976;0.083384737552;-0.297908201665;-0.846525844389;0.306779816296;0.128461781237
464;-0.212506774709;-0.365816133289;0.0777384066219;-0.289161453999;-0.835031042516;0.299149270994;0.127917830109
465;-0.27389541433;-0.427556575825;0.117105785485;-0.350725995077;-0.862709759971;0.359042701863;0.132970903624
466;-0.266100311058;-0.420611935645;0.11192496691;-0.343356123351;-0.859105642038;0.351940176701;0.126987532527
467;-0.250259041676;-0.442055171028;0.110628303469;-0.346157106352;-0.827948220198;0.359195185222;0.127667143116
468;-0.260908520732;-0.442125653762;0.115354350301;-0.351517087247;-0.839398139441;0.363007127964;0.143839712394
469;-0.252848788729;-0.446150264069;0.112808553861;-0.349499526399;-0.82824142374;0.36261726937;0.126791392202
470;-0.329284880633;-0.466998496965;0.153775544329;-0.398141688799;-0.890977902691;0.404052056536;0.124751638771
471;-0.300688584792;-0.461710456997;0.138831063898;-0.381199520895;-0.867490622892;0.389608887941;0.147187839025
472;-0.306687957396;-0.46384306798;0.142255083071;-0.385265512688;-0.871913789314;0.393197084758;0.119518743992
473;-0.218130601317;-0.364772186449;0.0795679763738;-0.291451393883;-0.843100637318;0.300532616564;0.120721513633
474;-0.346325206274;-0.475095452213;0.164537530487;-0.410710329243;-0.901005810204;0.415726374683;0.130695111684
475;-0.247095056886;-0.373500497723;0.092290126732;-0.310297777305;-0.87208053139;0.316669061432;0.131064911924
476;-0.261831217107;-0.405617794948;0.106203400931;-0.333724506027;-0.864919269826;0.341380566106;0.141797567812
477;-0.211268472322;-0.369275350224;0.0780162391081;-0.290271911273;-0.830828666255;0.300831058637;0.130229577748
478;-0.207718930437;-0.362962683442;0.075394220393;-0.285340806939;-0.830910639099;0.295710215949;0.179407437678
479;-0.219791852325;-0.389249644365;0.0855539003519;-0.304520748345;-0.827238586278;0.31608839269;0.121592498981
480;-0.225409742686;-0.376391261082;0.0848422573099;-0.300900501884;-0.843512903031;0.310225670696;0.112439598429
481;-0.212207963741;-0.36115668243;0.07664032417;-0.286682323086;-0.838195406583;0.296197880765;0.119545154348
482;-0.264638464094;-0.408781324224;0.108179261793;-0.336709894159;-0.865759680962;0.344336817457;0.131419551885
483;-0.28963119186;-0.392146254796;0.11357778716;-0.340888723328;-0.90498684243;0.344720838106;0.130481146952
484;-0.289874903172;-0.412102555847;0.119458188473;-0.35098872951;-0.890252625806;0.356269544043;0.144648055457
485;-0.244195109958;-0.350134379335;0.0855011032617;-0.297164744646;-0.887701924245;0.301848749641;0.12107930578
486;-0.260848107863;-0.360429879576;0.0940174521047;-0.310638993719;-0.898819793902;0.314604063441;0.130295398823
487;-0.277746181917;-0.397616916906;0.110436580536;-0.337681549411;-0.888170464552;0.342959293633;0.137027277959
488;-0.22826820452;-0.343515856707;0.0784137478347;-0.285892030614;-0.873380664204;0.291641489679;0.119986745635
489;-0.228646844702;-0.347736999513;0.0795089677247;-0.288191922107;-0.870289370765;0.294279119564;0.124130615333
490;-0.286835903099;-0.457568989336;0.131247214286;-0.372202446218;-0.856470355542;0.381866609766;0.124598321945
491;-0.273610394269;-0.434446198905;0.118868995771;-0.354028296587;-0.857804031361;0.363046930572;0.155534959813
492;-0.236666400144;-0.393795854074;0.0931982471755;-0.315231127109;-0.844503806332;0.32487394451;0.134635530512
493;-0.289080960921;-0.43576406987;0.125971096053;-0.362422515396;-0.872887177766;0.369768932279;0.140074313769
494;-0.283927913285;-0.415934994302;0.118095554995;-0.349931453794;-0.881316103296;0.356101796842;0.138607128219
495;-0.286805125949;-0.420358536721;0.120560983068;-0.353581831335;-0.881168958463;0.359832238456;0.131784565912
496;-0.234025452061;-0.347564606844;0.081338964237;-0.290795029452;-0.877261551795;0.296284549161;0.124209442232
497;-0.225152437557;-0.365619196689;0.0823200533521;-0.295385817123;-0.8513914613;0.303620665572;0.12152856195
498;-0.288330588332;-0.445321802862;0.128399897416;-0.366826195597;-0.865796353323;0.375130668083;0.126596000945
499;-0.273053244154;-0.420014227239;0.114686247338;-0.346533735696;-0.866978738825;0.354238637945;0.138205263188
500;-0.262582234021;-0.423324963666;0.111157614676;-0.342953598843;-0.853452413135;0.352245265749;0.129741645158
501;-0.2565534783;-0.434185985152;0.11139192472;-0.345369731726;-0.839757268252;0.356607036478;0.124188141385
502;-0.207754450791;-0.359629641506;0.0747146586591;-0.283692046148;-0.833495523217;0.293679579536;0.12267105809
503;-0.255312437062;-0.442282704247;0.112920275092;-0.348797570655;-0.833290580232;0.361108315464;0.123634650026
504;-0.270863598025;-0.431042255097;0.116753656116;-0.350952926561;-0.857165938197;0.359975356389;0.14715001922
505;-0.243644180193;-0.394694704433;0.0961650676882;-0.319169442313;-0.852077144948;0.327983533313;0.136141955779
506;-0.286100790909;-0.44929094522;0.128542494776;-0.367695868065;-0.860980967445;0.376640422695;0.123381191418
507;-0.211864229475;-0.368418095192;0.0780546158626;-0.290141162334;-0.832240958949;0.300514845387;0.11999909216
508;-0.254221103118;-0.434172821484;0.110375893621;-0.344196962301;-0.837224915267;0.355762848106;0.145717062379
509;-0.266382650779;-0.418879501035;0.111582231843;-0.342631075907;-0.860599484507;0.351012644376;0.135406427194
510;-0.258914535409;-0.376389562627;0.0974527287406;-0.317652049018;-0.883596504182;0.323037025356;0.150284700716
511;-0.277428352018;-0.414425304692;0.114973329315;-0.345926828355;-0.875550030642;0.352643462773;0.127463040733
512;-0.277902682913;-0.430825949711;0.119727687293;-0.354364316312;-0.864709880761;0.362519585757;0.13508072543
513;-0.304187891663;-0.446028652678;0.135676515479;-0.37510827217;-0.881040754058;0.381753737666;0.126360040293
514;-0.274193107452;-0.422025854733;0.115716580534;-0.348109481093;-0.86680066891;0.35587053983;0.159897397948
515;-0.273483813238;-0.450944574598;0.12332604182;-0.362214193918;-0.847061160841;0.372923856479;0.117238205235
516;-0.215924024084;-0.367100530452;0.0792658237786;-0.291512277268;-0.838483553419;0.301152771559;0.149982641658
517;-0.316041595752;-0.459470271385;0.145211717769;-0.387755933569;-0.883574579853;0.394331852969;0.128888980347
518;-0.339679930968;-0.470952168454;0.159973000069;-0.405316049711;-0.897794241217;0.410596152243;0.126908835722
519;-0.213006318172;-0.356562430907;0.0759500506062;-0.28478437454;-0.842817909806;0.293690703561;0.11287767458
520;-0.296548804733;-0.424562801358;0.125903591277;-0.360555803045;-0.888150503581;0.36619309516;0.176358128263
521;-0.213228976608;-0.347881953163;0.0741785128533;-0.280555464885;-0.850062047836;0.288520752981;0.126872243446
522;-0.221487560347;-0.344496139709;0.0763016095331;-0.282991850028;-0.863758413862;0.289598281817;0.120676378053
523;-0.299923717299;-0.413795289302;0.124107021368;-0.356859503301;-0.899278267495;0.361372922095;0.121438536452
524;-0.237491569527;-0.358017131961;0.0850260505869;-0.297754350744;-0.872871185751;0.303791468259;0.129565925455
525;-0.245265395909;-0.409872512196;0.100527543976;-0.327568954053;-0.843289598024;0.337750344696;0.11590089608
526;-0.25913010677;-0.433514568152;0.112336676331;-0.346322337461;-0.842983971755;0.357129733455;0.145449927034
527;-0.219854722377;-0.363052223657;0.0798187458405;-0.291453473017;-0.846644189117;0.300119156381;0.123082000932
528;-0.27130700595;-0.392056995193;0.106367809528;-0.331682000571;-0.885373184581;0.337132154323;0.140425391642
529;-0.262926218119;-0.415715541422;0.109302515119;-0.33932087977;-0.859022094099;0.347814323709;0.134715349976
530;-0.275147413337;-0.449673039829;0.123726373756;-0.362410226583;-0.849575184477;0.372767985357;0.125497153297
531;-0.237048629962;-0.379648278035;0.0899951041755;-0.308348453998;-0.855336088318;0.316484492496;0.123272984669
532;-0.206213324101;-0.353809072061;0.0729601448468;-0.280011198081;-0.835947241338;0.289572784037;0.118873410205
533;-0.208459640383;-0.350100228114;0.0729817676508;-0.279279934249;-0.84189747306;0.288119412219;0.117263081949
534;-0.306003723237;-0.424463995092;0.129887562878;-0.365233859164;-0.897650125375;0.370005379531;0.123619368094
535;-0.256826441515;-0.44416008735;0.114072054697;-0.350493264432;-0.833752949824;0.362793332529;0.132327621187
536;-0.243614086475;-0.384704422142;0.0937194163631;-0.314159254309;-0.859378186648;0.321982387364;0.135034161217
537;-0.217693028157;-0.350766528682;0.0763594278051;-0.28422977842;-0.853606682775;0.291913867564;0.120935521937
538;-0.263991147311;-0.441063712761;0.116436915569;-0.352527430036;-0.843354545636;0.363475256773;0.131517193843
539;-0.194143798699;-0.283903427694;0.0551180899162;-0.239023613197;-0.881842032045;0.243200504553;0.122276333444
540;-0.198372516543;-0.276041862572;0.0547591189496;-0.237207189557;-0.896691481403;0.240365102721;0.118559247708
541;-0.189868980959;-0.261460849216;0.0496433050013;-0.225664915088;-0.89985105686;0.228486329573;0.124971903462
542;-0.261792754511;-0.319994960735;0.0837723622005;-0.290893857623;-0.936523575773;0.292345874958;0.143581673324
543;-0.244258322825;-0.296215069938;0.0723529961785;-0.270236696381;-0.938987999847;0.27148250029;0.133603580509
544;-0.176285730212;-0.248798666186;0.0438596545445;-0.212542198199;-0.892437694484;0.215612424239;0.121238225009
545;-0.180839498409;-0.242961984461;0.0439371234024;-0.211900741435;-0.907341657996;0.214165181668;0.12468098831
546;-0.22001963839;-0.32599211964;0.0717246682812;-0.273005879015;-0.877959179592;0.278100254715;0.123336695217
547;-0.212430405105;-0.308417515676;0.0655172577965;-0.260423960391;-0.883979062476;0.26480940409;0.116353690926
548;-0.25151210055;-0.304311687918;0.0765380718501;-0.277911894234;-0.939706252115;0.279162981183;0.12988926894
549;-0.301173202124;-0.399505604001;0.120320382024;-0.350339403063;-0.911237261337;0.353772543668;0.122865572638
550;-0.325876627751;-0.40827482745;0.133047223965;-0.3670757276;-0.928846139124;0.369380502493;0.1291596669
551;-0.184270291899;-0.271640230531;0.0500552245716;-0.227955261215;-0.879460672359;0.232103377097;0.121817004072
552;-0.172595693559;-0.252883199884;0.0436465512735;-0.212739446722;-0.881266513882;0.216493863907;0.127046699928
553;-0.24991281915;-0.350947830985;0.0877063618162;-0.300430325068;-0.893944208553;0.304647991335;0.117490753832
554;-0.271667373967;-0.371331737958;0.100878718122;-0.321499555962;-0.90210344866;0.325338609523;0.118517067745
555;-0.229946504231;-0.337563778677;0.0776216108621;-0.283755141454;-0.88069406572;0.288811962601;0.126098306128
556;-0.223609750551;-0.266778477005;0.0596542686954;-0.245194113778;-0.94410264509;0.246142312834;0.12704609465
557;-0.203144689897;-0.251236276263;0.0510373154322;-0.22719048308;-0.932870216083;0.228459440102;0.125934607279
558;-0.278335370083;-0.346997842663;0.0965817729555;-0.312666606373;-0.930377152426;0.314545768571;0.146356997885
559;-0.212050617513;-0.309623140466;0.0656557781322;-0.26083687899;-0.882288329371;0.265360088841;0.124287112626
560;-0.22201145762;-0.310513173153;0.068937482182;-0.266262315387;-0.895156679781;0.26991435495;0.126191185025
561;-0.232312439669;-0.321237042487;0.0746273610521;-0.276774741078;-0.898596989756;0.280323301824;0.12920983554
562;-0.257234860455;-0.347124795988;0.0892925984562;-0.302179828221;-0.90600094679;0.305504007685;0.125272037383
563;-0.273153524906;-0.373926353164;0.102139301422;-0.323539939035;-0.901646230499;0.32743989201;0.121607735314
564;-0.211004026873;-0.318964355241;0.0673027633848;-0.264984191057;-0.872064152533;0.27042647732;0.132479863516
565;-0.22926054038;-0.325068173134;0.074525305033;-0.277164356757;-0.891045943302;0.281273632394;0.118217165367
566;-0.208047571581;-0.2670882403;0.0555670597924;-0.237567905941;-0.921296658545;0.23939498757;0.118005674139
567;-0.21336891477;-0.267607474382;0.0570991163932;-0.240488194576;-0.928511913598;0.242012452299;0.123663054354
568;-0.210456517817;-0.291803126285;0.0614118698459;-0.251129822051;-0.897779881268;0.254402250777;0.127938256403
569;-0.174300108036;-0.242931118892;0.0423429202683;-0.208615613464;-0.896210857852;0.211419081669;0.124700169625
570;-0.172425969204;-0.250438301977;0.0431820669441;-0.21143213559;-0.883858742368;0.215000067387;0.125065638837
571;-0.220803969045;-0.271582962598;0.0599665960666;-0.246193465821;-0.934577805596;0.24749919022;0.125970143431
572;-0.18262953703;-0.246006415201;0.0449280377144;-0.214317976115;-0.906548312661;0.216647991123;0.127445949846
573;-0.200902402893;-0.257561545855;0.0517447334552;-0.229231974374;-0.921720433647;0.230975892023;0.122795911847
574;-0.353485234365;-0.423137991875;0.149573032226;-0.38831161312;-0.943056041151;0.389870216278;0.133555510898
575;-0.193913661338;-0.285770031139;0.0554147130387;-0.239841846238;-0.879549542657;0.244199732545;0.12970738936
576;-0.193384010637;-0.289674677753;0.0560184509637;-0.241529344195;-0.874740997807;0.246281134581;0.123375025851
577;-0.293114334742;-0.406587915454;0.119176746353;-0.349851125098;-0.897647857294;0.354421885769;0.132098839058
578;-0.225876957221;-0.335864513467;0.0758640543403;-0.280870735344;-0.876908666221;0.286203923112;0.127527593836
579;-0.219407216101;-0.298133597197;0.065412662587;-0.258770406649;-0.903896509613;0.261747175968;0.125364705943
580;-0.238348440188;-0.289166868841;0.0689224721423;-0.263757654515;-0.938859615328;0.264978732142;0.122149403922
581;-0.180390089513;-0.267596336053;0.0482717270138;-0.223993212783;-0.877604557475;0.228197703169;0.125598583409
582;-0.247274610477;-0.331554868737;0.0819851010187;-0.289414739607;-0.907952063494;0.292466548489;0.123794402731
583;-0.24178767704;-0.298438831701;0.0721588318557;-0.270113254371;-0.933483623089;0.271594382339;0.136643896434
584;-0.235553530458;-0.287158555115;0.0676412114587;-0.261356042787;-0.937352389351;0.262626637536;0.128020436344
585;-0.190179308342;-0.269109756442;0.0511791073482;-0.229644532392;-0.891652997575;0.233010976494;0.128091291943
586;-0.324025137723;-0.429167585979;0.139061086153;-0.376596361851;-0.911701239291;0.380248015597;0.122157449417
587;-0.240743381923;-0.346163305524;0.0833365248697;-0.293453343724;-0.886857121735;0.298149635277;0.138906297869
588;-0.351580092842;-0.399532162433;0.140467554762;-0.375556127638;-0.959412374133;0.376320681402;0.11597844082
589;-0.257246439774;-0.382625292086;0.0984289941566;-0.31993586593;-0.876818993243;0.326019819122;0.115823658909
590;-0.299477848233;-0.362700332507;0.108620715133;-0.33108909037;-0.939401432958;0.332594732958;0.133784239423
591;-0.248902123706;-0.353036636881;0.0878715686657;-0.300969380294;-0.890945123048;0.305439956592;0.121214046227
592;-0.242214235931;-0.377930163206;0.0915400657162;-0.310072199569;-0.862840896786;0.317410573508;0.117867111379
593;-0.230498270352;-0.379027857295;0.0873652655218;-0.304763063824;-0.847833841621;0.313681023686;0.120198688875
594;-0.228039725497;-0.372679078157;0.0849856346814;-0.300359401827;-0.849579695842;0.308943208131;0.119611039741
595;-0.270934389014;-0.355315702096;0.0962672426545;-0.313125045555;-0.914734991453;0.315954657591;0.193693026236
596;-0.290282964386;-0.377741912629;0.109652042171;-0.334012438507;-0.917124027725;0.33686284447;0.154177435624
597;-0.306957120738;-0.378074872462;0.116052774274;-0.3425159966;-0.934144164409;0.344356852087;0.114892136632
598;-0.245801707993;-0.331647291678;0.0815194707457;-0.288724499835;-0.90604600391;0.291897589686;0.115439728954
599;-0.302173150333;-0.337099171662;0.101862318676;-0.319636160998;-0.965253442064;0.320112842852;0.122465272673
600;-0.322188937423;-0.348788770616;0.11237588339;-0.335488854019;-0.974775440726;0.335752377434;0.122274879946
601;-0.233930015856;-0.365095369857;0.0854067656594;-0.299512692856;-0.862768656325;0.30660877467;0.121722312219
602;-0.232612856961;-0.373618141425;0.0869083832894;-0.303115499193;-0.854513270376;0.311206729382;0.118798175909
603;-0.349161448733;-0.454998376314;0.158867892245;-0.402079912524;-0.916692129983;0.405547309034;0.124527973923
604;-0.24691560923;-0.351086758756;0.0866888009309;-0.299001183993;-0.890203504049;0.303503896396;0.143851269529
605;-0.29411013628;-0.34331027801;0.100971032652;-0.318710207145;-0.950958893846;0.319658191863;0.11992476477
606;-0.257618876143;-0.383526982786;0.0988037902756;-0.320572929464;-0.876551656857;0.326695907435;0.12206100949
607;-0.307631775252;-0.377665811733;0.116182004116;-0.342648793493;-0.9351656774;0.344433429342;0.118776185213
608;-0.223253948267;-0.370231696876;0.0826556881013;-0.296742822572;-0.845449529503;0.305707241318;0.11806437418
609;-0.30584015147;-0.351339021468;0.107453579543;-0.328589586469;-0.955994751321;0.329376157499;0.123399028165
610;-0.264609135571;-0.398865562333;0.105543471658;-0.331737348952;-0.872894079996;0.33846102541;0.125455534806
611;-0.260434935172;-0.394243499584;0.102674780256;-0.327339217378;-0.871650179884;0.334106489328;0.123296069831
612;-0.260769260934;-0.326750980111;0.0852066115929;-0.293760120522;-0.928802462809;0.295606842319;0.153910700218
613;-0.313166717296;-0.343235798375;0.107490028236;-0.328201257836;-0.97085751809;0.328545435297;0.125599723794
614;-0.299794884132;-0.332674697251;0.099734172316;-0.316234790691;-0.966934199692;0.316661828093;0.12308689818
615;-0.295690819299;-0.349461651341;0.103332601999;-0.32257623532;-0.94706268451;0.323694691319;0.129917225549
616;-0.291112380922;-0.344375731511;0.100252039132;-0.317744056216;-0.946766221376;0.31885816814;0.120079520469
617;-0.281487967624;-0.349446684358;0.0983650369727;-0.315467325991;-0.931692281755;0.31729202726;0.126196395636
618;-0.368852060603;-0.405022174355;0.149393263601;-0.386937117479;-0.970266662191;0.387359525719;0.132919016027
619;-0.285377868533;-0.405858889274;0.115823144746;-0.345618378904;-0.890142208427;0.35082899385;0.124364304786
620;-0.319498462341;-0.378569556294;0.120952391125;-0.349034009318;-0.946256743011;0.350281441409;0.1256650626
621;-0.230951464169;-0.381508150494;0.0881098659489;-0.306229807332;-0.846546902105;0.315346672485;0.125474344705
622;-0.340560342087;-0.395533205914;0.134702923913;-0.368046774001;-0.952544122359;0.369071716326;0.121232689883
623;-0.306636290458;-0.321874649464;0.0986984485041;-0.314255469961;-0.98456806422;0.314347820569;0.1365109222
624;-0.362424078375;-0.398387945509;0.144385383987;-0.380406011942;-0.969929131088;0.38083078113;0.149091557378
625;-0.228995969163;-0.294273750607;0.0673875027197;-0.261634859885;-0.920990001985;0.263662847392;0.12856708742
626;-0.245510426819;-0.343286608612;0.0842804418017;-0.294398517716;-0.895238326633;0.298430113535;0.127647743862
627;-0.265622993432;-0.353780203878;0.0939721567711;-0.309701598655;-0.909996896121;0.312822639283;0.149428453598
628;-0.286740221283;-0.342758161032;0.098282550941;-0.314749191158;-0.943497173583;0.315992967846;0.130279491911
629;-0.292713382526;-0.337035841685;0.098654901252;-0.314874612105;-0.955267747063;0.315653514862;0.126840563334
630;-0.289803620583;-0.34694994358;0.100547349811;-0.318376782082;-0.943018341699;0.319656379456;0.127311074393
631;-0.197944863071;-0.250755808144;0.0496358241074;-0.224350335608;-0.925414587461;0.225898920022;0.118363862369
632;-0.276020808155;-0.335966968855;0.092733874257;-0.305993888505;-0.937839357336;0.307458363601;0.138636518011
633;-0.313332748057;-0.412497413675;0.129248948193;-0.362915080866;-0.91355865048;0.366286450264;0.11546413411
634;-0.306339164613;-0.357476699845;0.109509113599;-0.331907932229;-0.951054205623;0.332891329647;0.125445415525
635;-0.290388459843;-0.34667769976;0.100671203295;-0.318533079801;-0.94389589953;0.319774049229;0.137173886597
636;-0.28195422263;-0.349042317077;0.0984139551764;-0.315498269853;-0.932567366169;0.317276474679;0.131633351334
637;-0.255851848108;-0.323733464925;0.0828278052956;-0.289792656517;-0.925776599453;0.291773477627;0.135850204499
638;-0.294258747981;-0.371741725255;0.109388254646;-0.333000236618;-0.92626666672;0.33524626848;0.130312150833
639;-0.292862068944;-0.4038614538;0.118275700927;-0.348361761372;-0.899421386564;0.352755060411;0.123114791376
640;-0.313033237091;-0.416768844961;0.130462500657;-0.364901041026;-0.910111673922;0.368568906484;0.118916170654
641;-0.287989114411;-0.354140521365;0.101988615125;-0.321064817888;-0.934646756823;0.322764030595;0.127235506475
642;-0.295339484129;-0.388030597466;0.114600756482;-0.341685040798;-0.914173794385;0.344813830534;0.119662105749
643;-0.292758560816;-0.342701980447;0.100328938584;-0.317730270631;-0.950068113068;0.318710073839;0.136760322822
644;-0.297500124545;-0.434793712008;0.129351183474;-0.366146918277;-0.882013494068;0.372526439401;0.127882804354
645;-0.336218018459;-0.440835282848;0.148216765266;-0.388526650653;-0.914802072326;0.392032079389;0.128815040953
646;-0.338621643374;-0.419612246177;0.14208978838;-0.379116944776;-0.932256443655;0.381273559602;0.131978864742
647;-0.304871508732;-0.431095455807;0.131428722019;-0.367983482269;-0.891866903463;0.373356350457;0.122663326473
648;-0.305598039448;-0.443625304252;0.135571023229;-0.37461167185;-0.884017829626;0.380915720526;0.146488190167
649;-0.219763048104;-0.289250696488;0.0635666147263;-0.254506872296;-0.913626223179;0.256867439286;0.128034316146
650;-0.201090034307;-0.271496011425;0.0545951422518;-0.236293022866;-0.905848731159;0.238900906358;0.123209098209
651;-0.181949624055;-0.247482387924;0.0450293274429;-0.214716005989;-0.903593462971;0.217201747261;0.124833360233
652;-0.299179484019;-0.382912450499;0.114559549365;-0.341045967259;-0.922238213913;0.343606103268;0.122533690395
653;-0.288356745072;-0.364658781518;0.1051518193;-0.326507763295;-0.925949519711;0.328729097713;0.134833243799
654;-0.335625882043;-0.443776501019;0.148942879584;-0.389701191531;-0.912222541935;0.393435074411;0.121077119648
655;-0.339134667502;-0.44839449493;0.152066117948;-0.393764581216;-0.912237191598;0.397536127783;0.121518758649
656;-0.263459049997;-0.31571014722;0.083176695461;-0.289584598609;-0.942720930845;0.290760698929;0.129106491522
657;-0.315893771383;-0.399684228642;0.126257758348;-0.357789000012;-0.925793063917;0.360233505815;0.125268238037
658;-0.339271040287;-0.432927783063;0.146879859329;-0.386099411675;-0.923162369307;0.388928852186;0.123273776526
659;-0.364927356314;-0.419333390732;0.153026225694;-0.392130373523;-0.955906814024;0.393072810029;0.116928845112
660;-0.248682882356;-0.288532069918;0.0717529867993;-0.268607476137;-0.952863551366;0.269345439304;0.141746113345
661;-0.329840287806;-0.41196817077;0.135883700014;-0.370904229288;-0.929803754048;0.373170463185;0.118059312651
662;-0.241433238311;-0.307326369424;0.0741988005883;-0.274379803867;-0.923921176873;0.276350778816;0.121779635889
663;-0.273758605721;-0.36366518735;0.0995564746382;-0.318711896535;-0.91079526913;0.32186654276;0.128761829197
664;-0.374643569227;-0.41566177723;0.155725011813;-0.395152673228;-0.966987959089;0.395684544184;0.127073748281
665;-0.372456625542;-0.414089748344;0.15423047034;-0.393273186943;-0.966334143025;0.393823728078;0.128197858805
666;-0.312241211451;-0.449213785748;0.140263056662;-0.380727498599;-0.886694852913;0.386838208709;0.127443281399
667;-0.353071960328;-0.388234382122;0.137074674363;-0.370653171225;-0.969825797686;0.371069902196;0.135453010831
668;-0.335817145697;-0.370248149689;0.124335676828;-0.353032647693;-0.968980053148;0.353452152131;0.121040286055
669;-0.32135126172;-0.357831646139;0.11498965097;-0.339591453929;-0.965838600344;0.340080961234;0.125945231568
670;-0.33997528714;-0.361458972217;0.122887117869;-0.350717129679;-0.980507561183;0.350881592893;0.120908055573
671;-0.315294215489;-0.432244881071;0.136284310677;-0.37376954828;-0.901203241659;0.378316058034;0.127626111834
672;-0.287828211875;-0.351511624122;0.101174962224;-0.319669917998;-0.936796009663;0.321251849367;0.128984751427
673;-0.320946918807;-0.369587411551;0.118617940967;-0.345267165179;-0.955231135157;0.346122651288;0.123734113914
674;-0.275719275318;-0.335768726808;0.0925779100298;-0.305744001063;-0.937682364956;0.307214710491;0.137824367557
675;-0.292676721756;-0.333447025341;0.097592182256;-0.313061873548;-0.958604683045;0.313724865261;0.138309039489
676;-0.346111882524;-0.458173560089;0.158579313405;-0.402142721307;-0.911866692027;0.406027367544;0.133503987175
677;-0.349618683402;-0.419706456843;0.146737218857;-0.384662570123;-0.942161735867;0.386255571934;0.144546500201
678;-0.257564111171;-0.362165623514;0.093280866917;-0.309864867342;-0.893550985484;0.314247681152;0.123910053113
679;-0.263264005661;-0.312741532632;0.0823335886174;-0.288002769147;-0.945449753944;0.28906331738;0.142329881536
680;-0.379992224839;-0.400375403098;0.152139540194;-0.390183813969;-0.983375291337;0.39031689327;0.123227302697
681;-0.31734330248;-0.426514840743;0.135351628118;-0.371929071612;-0.907229483703;0.375913341745;0.127919464707
682;-0.375661671527;-0.462435447907;0.173719273334;-0.419048559717;-0.934320539121;0.421288639139;0.123710204942
683;-0.331240666769;-0.451781310054;0.149648342376;-0.391510988412;-0.902760278019;0.396122917436;0.121558889933
684;-0.251382939464;-0.308985334157;0.0776736415517;-0.280184136811;-0.934788466322;0.28166053946;0.173371907327
685;-0.347156600479;-0.46095880869;0.160024892986;-0.404057704584;-0.910934214484;0.408044561638;0.12932521745
686;-0.256359480604;-0.365069142511;0.0935889357587;-0.310714311558;-0.889748488925;0.315432767883;0.129694801051
687;-0.372726102458;-0.474421960445;0.176829448237;-0.423574031451;-0.92394096637;0.42661513335;0.122026255202
688;-0.318832382375;-0.429389538725;0.136903289598;-0.37411096055;-0.906608915864;0.378172886401;0.129588411091
689;-0.246756452453;-0.35778984654;0.0882869532559;-0.302273149497;-0.884364592189;0.307329075353;0.125481058244
690;-0.254150687151;-0.386234256683;0.0981617017372;-0.320192471917;-0.870508901411;0.32693231166;0.14516055597
691;-0.312772572256;-0.4040616444;0.126379399869;-0.358417108328;-0.919360334949;0.361311842064;0.127904642533
692;-0.2964340605;-0.390183472206;0.115663671006;-0.343308766353;-0.913611378611;0.346494079464;0.140157385519
693;-0.276752898661;-0.375202722147;0.10383844094;-0.325977810404;-0.904586876134;0.329673512451;0.122215596912
694;-0.302947911912;-0.374917640526;0.113580516337;-0.338932776219;-0.932661644374;0.340837699286;0.134534363334
695;-0.311135252447;-0.401294080808;0.124856735137;-0.356214666627;-0.919860969785;0.359055764893;0.120626125307
696;-0.346172342421;-0.414955944146;0.143646271187;-0.380564143284;-0.94262415884;0.382114986777;0.123084414497
697;-0.355268533783;-0.466816317595;0.165845148698;-0.411042425689;-0.914142128514;0.414809116021;0.193063432027
698;-0.399540973709;-0.45062855792;0.180044572812;-0.425084765815;-0.961790792269;0.425851550946;0.118771990968
699;-0.269306316221;-0.402023125012;0.108267366833;-0.335664720617;-0.875747196422;0.342161135287;0.122510999571
700;-0.327566594328;-0.381694333402;0.125030312867;-0.354630463865;-0.951509912063;0.355661663573;0.136115596635
701;-0.305573894657;-0.365087129475;0.111561096043;-0.335330512066;-0.94365510969;0.336648197087;0.124028623771
702;-0.246916757263;-0.341031362356;0.084206358118;-0.29397405981;-0.898951625447;0.297716538949;0.124409839471
703;-0.239778583209;-0.358205612126;0.0858900341731;-0.298992097667;-0.875532024444;0.304799138388;0.134955601558
704;-0.257028900606;-0.333180697839;0.0856370684686;-0.295104799222;-0.918311436937;0.297551031891;0.123706477869
705;-0.343558983363;-0.385656617266;0.132495795355;-0.364607800315;-0.963288672569;0.365214869283;0.118949023374
706;-0.226607064462;-0.376209432563;0.0852517151361;-0.301408248513;-0.84513730366;0.310551363557;0.116944382539
707;-0.304339370556;-0.352662726865;0.107329152313;-0.32850104871;-0.953259953548;0.329388411598;0.116046723034
708;-0.307314553648;-0.329948306835;0.101397916642;-0.318631430242;-0.977398587914;0.318832338438;0.124177139398
709;-0.285785243072;-0.35178447573;0.100534811905;-0.318784859401;-0.934332993309;0.320488316887;0.12862686601
710;-0.281259753227;-0.407116310103;0.114505432914;-0.344188031665;-0.884877605037;0.349893368569;0.130198462078
711;-0.308083668804;-0.396148182989;0.122046785605;-0.352115925896;-0.920801524772;0.354858373065;0.136099329967
712;-0.335137742526;-0.391724533525;0.131281675858;-0.363431138026;-0.95053842144;0.364530805716;0.128349442236
713;-0.227541464241;-0.387299031168;0.0881265886511;-0.307420247704;-0.83816218728;0.317628444485;0.120934342995
714;-0.324964826392;-0.391833144765;0.127331989863;-0.358398985578;-0.940782692416;0.359955102567;0.127206159581
715;-0.301745056874;-0.334235116591;0.100853794265;-0.317990086732;-0.967505514176;0.318404767953;0.125146603184
716;-0.27045371743;-0.332058345326;0.0898064138971;-0.301256031378;-0.935133403391;0.302826648408;0.126417836516
717;-0.31992278287;-0.374724390614;0.119882869854;-0.347323586742;-0.949880055866;0.348402752515;0.129937869939
718;-0.28477923114;-0.356741675676;0.101592620115;-0.320760453408;-0.928884630296;0.322772236765;0.12516085179
719;-0.264812221147;-0.33699156262;0.0892394842051;-0.300901891883;-0.924007886916;0.30305843145;0.123680197457
720;-0.2951436983;-0.376242395727;0.111045572132;-0.335693047014;-0.923471598313;0.338133215604;0.131872042294
721;-0.285526027471;-0.402385373692;0.114891497263;-0.343955700582;-0.892876483317;0.34888329089;0.124847171396
722;-0.291408615026;-0.338505783306;0.0986435014915;-0.314957199166;-0.952489885793;0.315836307478;0.120586939999
723;-0.301194434836;-0.410581873763;0.123664975422;-0.3558881543;-0.902922306189;0.360066356828;0.140036119186
724;-0.344379277737;-0.416064322219;0.143283930778;-0.380221799978;-0.940164328418;0.381907454207;0.131387814474
725;-0.31933209166;-0.443086909309;0.141491869537;-0.381209500485;-0.897558196762;0.386198779105;0.127380424153
726;-0.307754916434;-0.44721568303;0.137632825159;-0.377485299732;-0.883712265938;0.38387169454;0.132178157707
727;-0.227403150591;-0.298979108078;0.0679887911377;-0.263191129334;-0.913961945435;0.265613158527;0.126085585936
728;-0.186520795888;-0.260359508349;0.0485624627144;-0.223440152119;-0.895752241887;0.226469734056;0.123605167308
729;-0.272284086668;-0.325217242041;0.0885514797178;-0.298750664354;-0.943748162591;0.299920721503;0.130791673369
730;-0.298659743158;-0.335237045873;0.100121810018;-0.316948394516;-0.963306263398;0.31747560466;0.125863569912
731;-0.353760764122;-0.413889191151;0.146417756523;-0.383824977636;-0.950236499883;0.385000610898;0.12053377095
732;-0.210629797587;-0.253959967278;0.0534915365031;-0.232294882433;-0.940796638293;0.233302996778;0.124838056156
733;-0.239599069219;-0.305405362081;0.073174840489;-0.27250221565;-0.923501984191;0.27448146491;0.124457659752
734;-0.27094287859;-0.351544101213;0.095248370734;-0.311243489901;-0.918024920737;0.31384175834;0.128740705753
735;-0.37760087161;-0.414563686727;0.156539609446;-0.396082279169;-0.970316516288;0.396513220835;0.127634849019
736;-0.31472600169;-0.350196943566;0.110216083852;-0.332461472628;-0.966071078057;0.332934194265;0.120762705944
737;-0.352640120963;-0.372322563809;0.131295873939;-0.362481342386;-0.98272027619;0.362614910362;0.119289330637
738;-0.311840661538;-0.450386861154;0.14044893673;-0.381113761346;-0.885534548963;0.387358311444;0.126950304079
739;-0.31662515703;-0.352445038084;0.111592965528;-0.334535097557;-0.965949917428;0.335014175024;0.123787925465
740;-0.285343950578;-0.358034841869;0.102163076224;-0.321689396224;-0.9283764948;0.323736094778;0.132904791404
741;-0.345080142871;-0.45066834079;0.155516695427;-0.39787424183;-0.916017251686;0.401361594073;0.13297378379
742;-0.242874040424;-0.364712769442;0.0885792639087;-0.303793404933;-0.874010344209;0.309841252665;0.124989482003
743;-0.270573407885;-0.304647117188;0.0824294086996;-0.287610262536;-0.962333265646;0.288114417432;0.152780071317
744;-0.32351022909;-0.426505810197;0.137978992365;-0.375008019644;-0.913119914294;0.378527459016;0.134540495366
745;-0.351662574898;-0.448619449643;0.157762670811;-0.400141012271;-0.923245440189;0.403066977798;0.126103883701
746;-0.352627976508;-0.474707697463;0.167395214789;-0.413667836985;-0.906734881713;0.418147036248;0.14310050894
747;-0.391163793644;-0.476118935824;0.186240489163;-0.433641364734;-0.937837885674;0.435716854453;0.123868963414
748;-0.255851873393;-0.355327841479;0.0909112939113;-0.305589857436;-0.897284089283;0.309611091572;0.124711655926
749;-0.311353233908;-0.41757920102;0.13001463465;-0.364466217464;-0.907875075596;0.368315914257;0.130366136695
750;-0.306115086358;-0.402349840393;0.123165356138;-0.354232463376;-0.914050426354;0.357485552268;0.124016247214
751;-0.298110534313;-0.368689032584;0.109910084499;-0.333399783449;-0.932865899697;0.335262205905;0.124867447676
752;-0.370523666998;-0.460557444397;0.170647433161;-0.415540555697;-0.931300783255;0.417971857542;0.138029960802
753;-0.376778583853;-0.437493008504;0.16483799619;-0.407135796179;-0.952619480533;0.408265987893;0.132470742973
754;-0.292149918266;-0.415119940634;0.121277256727;-0.35363492945;-0.89040913151;0.358940203832;0.12951529653
755;-0.274287138775;-0.337314084492;0.0925209151038;-0.305800611633;-0.934625602896;0.307420092133;0.164731329194
756;-0.271759944764;-0.336677857103;0.0914955558496;-0.304218900934;-0.932331189376;0.305945621836;0.115579329344
757;-0.225997118178;-0.377049188861;0.0852120300938;-0.301523153519;-0.843753144564;0.310838212134;0.120744814912
758;-0.312358151365;-0.326733775571;0.102057958126;-0.319545963468;-0.985682398459;0.319626793951;0.122254865828
759;-0.302057132994;-0.407536398881;0.123099276237;-0.354796765937;-0.906055997394;0.358695154696;0.124860991518
760;-0.330562055901;-0.399703221815;0.132126718753;-0.365132638858;-0.939904288548;0.366765550679;0.126198957454
761;-0.228731514025;-0.397369065461;0.0908908279696;-0.313050289743;-0.832504083795;0.32420693985;0.121614000725
762;-0.308102349312;-0.344800912175;0.106233971086;-0.326451630743;-0.964254316837;0.326966914754;0.124485428265
763;-0.279140037539;-0.395068175857;0.110279345439;-0.337104106698;-0.891595148201;0.342051183401;0.11926923151
764;-0.273974584069;-0.351018894817;0.096170255708;-0.312496739443;-0.921916420716;0.314862142242;0.12428201479
765;-0.235191724639;-0.273202242407;0.064254906567;-0.254196983523;-0.95249096079;0.254906465782;0.124261500939
766;-0.250700502614;-0.345524843255;0.0866232518698;-0.298112672935;-0.899592223098;0.301859370666;0.122508406762
767;-0.34436605995;-0.379529923895;0.130697224525;-0.361947991923;-0.969099941149;0.362374768974;0.126338368076
768;-0.314205824307;-0.440664300175;0.138459289679;-0.377435062241;-0.894332433751;0.382694607668;0.136870217474
769;-0.303182107018;-0.354393337323;0.107445718723;-0.32878772217;-0.950520645106;0.329783283047;0.125405159185
770;-0.351453200324;-0.432888856007;0.152140173828;-0.392171028165;-0.93413785097;0.394279161048;0.129278078139
771;-0.250318616243;-0.374841177081;0.0938297247575;-0.312579896662;-0.874832946057;0.318720345815;0.124480120977
772;-0.319016817546;-0.412205092149;0.131500356674;-0.365610954847;-0.919302998914;0.368568018058;0.152541057657
773;-0.348049640302;-0.466239870136;0.162274619095;-0.407144755219;-0.908238486699;0.411411089191;0.132492928225
774;-0.387525871501;-0.470073215556;0.182165532528;-0.428799543529;-0.938910995243;0.430781341905;0.123697487013
775;-0.291422448806;-0.380918538365;0.111008213246;-0.336170493585;-0.915754046313;0.339135648773;0.13385381885
776;-0.353145598744;-0.430611092842;0.152068412208;-0.391878345793;-0.937281034389;0.393787840843;0.121792973092
777;-0.37924145782;-0.432300354174;0.163946216533;-0.405770905997;-0.958436724336;0.40663723363;0.123416016144
778;-0.307997685395;-0.438473736441;0.13504889593;-0.373235710918;-0.889837847881;0.378894307002;0.117052698854
779;-0.297388491739;-0.359602516269;0.106941649939;-0.328495504004;-0.939894270513;0.329965062337;0.136951680511
780;-0.28550623666;-0.343807675268;0.0981592355006;-0.314656955964;-0.941189592925;0.316004373977;0.126343822275
781;-0.253990607355;-0.288962114111;0.0733936628657;-0.271476360733;-0.95905197551;0.272038905321;0.120933591599
782;-0.303975276518;-0.360716719709;0.109648964618;-0.332345998113;-0.945786375984;0.333554733598;0.123431528718
783;-0.359831748645;-0.466951665159;0.168024034207;-0.413391706902;-0.917975042701;0.416846941291;0.129590669801
784;-0.369774631193;-0.449327049242;0.166149743919;-0.409550840218;-0.938363817489;0.411477870033;0.118825036366
785;-0.239988381727;-0.386366537524;0.0927234800939;-0.313177459626;-0.853846015145;0.321615861458;0.0913826171777
786;-0.236747898219;-0.411474504355;0.0974157240766;-0.324111201287;-0.83238447118;0.335679039445;0.258842433339
787;-0.238690022726;-0.430827354572;0.102834191054;-0.334758688649;-0.822084890653;0.348270825936;0.187466235982
788;-0.257867038858;-0.41322442009;0.106556957592;-0.335545729474;-0.85517400256;0.344419679379;0.146062031198
789;-0.227626030509;-0.376252482694;0.0856448591046;-0.301939256601;-0.846368765551;0.310949787344;0.122461771217
790;-0.218115911886;-0.387522856884;0.0845249013058;-0.302819384385;-0.826364840883;0.31444277351;0.237129837833
791;-0.220133831428;-0.397310752416;0.087461538197;-0.308722291922;-0.822100723112;0.321181208763;0.234920384157
792;-0.240549486779;-0.387741663881;0.0932710582495;-0.31414557533;-0.853498710434;0.322651246316;0.124844153227
793;-0.232494015019;-0.382001234052;0.088813000647;-0.307247624536;-0.848061960385;0.316210697034;0.138736829204
794;-0.248142676472;-0.403096239445;0.100025379732;-0.325619457959;-0.851290056617;0.334709849079;0.239892113862
795;-0.252731762327;-0.401341742422;0.101431805858;-0.327036752374;-0.857770257077;0.335371836846;0.136318318683
796;-0.272149128534;-0.355410921014;0.0967247724253;-0.313780024774;-0.916026634407;0.316529675495;0.130209436164
797;-0.283714890665;-0.33942303882;0.0962993703479;-0.311568964742;-0.943237482505;0.312811555466;0.234899096428
798;-0.282278186499;-0.331421052787;0.0935529337483;-0.306849619643;-0.949130282745;0.30783184436;0.243649117922
799;-0.281262017259;-0.332674335637;0.0935686547315;-0.306968176448;-0.946812223488;0.30804263986;0.146783018349
800;-0.31714027942;-0.336464361239;0.106706401538;-0.32680232033;-0.981183563869;0.326945120177;0.123870315001
801;-0.330904231801;-0.343336873199;0.113611624275;-0.3371205525;-0.988262405826;0.337177860425;0.24188542521
802;-0.335866163309;-0.354280040612;0.118990677977;-0.34507310196;-0.983018297015;0.34519590585;0.249008572254
803;-0.324526382455;-0.360213241039;0.116898700027;-0.342369811747;-0.966851015286;0.342834473127;0.105379396991
804;-0.327589183937;-0.379145643791;0.124204012043;-0.353367413864;-0.953640569872;0.354306429971;0.133236278908
805;-0.331268693407;-0.388933806863;0.128841594021;-0.360101250135;-0.949135691045;0.361253687422;0.221215514338
806;-0.340390408494;-0.408339943036;0.138995000015;-0.374365175765;-0.942382673133;0.375903670688;0.125762943558
807;-0.301799271855;-0.433492672003;0.130827772765;-0.367645971929;-0.887175385678;0.373496115892;0.187568337666
808;-0.312565890586;-0.439852338857;0.137482838021;-0.376209114722;-0.893313237672;0.381554397142;0.14607969043
809;-0.350200223157;-0.379485878806;0.132896039443;-0.364843050982;-0.974463229266;0.365136774725;0.183039085093
810;-0.346992325469;-0.366635972974;0.127219868863;-0.356814149221;-0.982480547137;0.356949303552;0.171954160638
811;-0.366144942437;-0.382055661285;0.139887748109;-0.374100301861;-0.986464122403;0.374184878898;0.132887210793
812;-0.378700037112;-0.394022064842;0.149216170578;-0.386361050977;-0.987378350251;0.386436997252;0.21004255538
813;-0.373909783522;-0.409476591104;0.153107303537;-0.391693187313;-0.971116430752;0.392096674862;0.133501317837
814;-0.288554646347;-0.374009543017;0.107922191416;-0.331282094682;-0.918342107912;0.334026138346;0.128507092218
815;-0.308363435646;-0.359008941015;0.110705230479;-0.333686188331;-0.951780668933;0.334645654516;0.24353724396
816;-0.330135067548;-0.359891123328;0.11881268031;-0.345013095438;-0.97256399181;0.345333739646;0.236136316269
817;-0.33023728587;-0.377027842586;0.124508651433;-0.353632564228;-0.957944414043;0.354405600311;0.116611652029
818;-0.391301335577;-0.406719251999;0.159149786512;-0.399010293788;-0.987701909437;0.399084756143;0.177645462685
819;-0.375933676347;-0.415558444078;0.15622241362;-0.395746060213;-0.96815525173;0.396241687267;0.230647883848
820;-0.359480620285;-0.413397640439;0.14860844021;-0.386439130362;-0.955660389314;0.387378319916;0.136879318481
821;-0.280217499302;-0.391509983749;0.109707948598;-0.335863741526;-0.89547371649;0.340442296352;0.186897833193
822;-0.275048483098;-0.386292335216;0.106249120834;-0.330670409157;-0.893907633075;0.335315848344;0.135218216096
823;-0.370027464345;-0.427817214355;0.158304119031;-0.39892233935;-0.953968533968;0.399967431966;0.130775952968
824;-0.371928210106;-0.427778056519;0.159102726884;-0.399853133313;-0.955611851782;0.400827056916;0.212851382423
825;-0.370262758615;-0.42690234224;0.158066038897;-0.398582550427;-0.954843249973;0.399587362304;0.154906837454
826;-0.351963588871;-0.447118005189;0.157369257755;-0.39954079703;-0.924546795712;0.402363565979;0.195193721629
827;-0.355356181666;-0.443474067205;0.15759125119;-0.399415124435;-0.930058102591;0.401837818113;0.126551620263
